image_id,filename,h2s_ppm,delta_e,temperature_c,relative_humidity,exposure_hours,compliance_status
BDG-0001,badge_0001.png,9.26,33.75,21.3,60.0,8.0,ACTION_REQUIRED
BDG-0002,badge_0002.png,8.33,32.95,21.1,64.3,8.0,ACTION_REQUIRED
BDG-0003,badge_0003.png,43.99,102.35,40.0,77.1,8.0,STEL_EXCEEDED
BDG-0004,badge_0004.png,5.31,27.6,34.3,50.3,8.0,ACTION_REQUIRED
BDG-0005,badge_0005.png,2.45,16.16,23.6,47.1,8.0,NORMAL
BDG-0006,badge_0006.png,4.41,30.65,40.6,68.0,8.0,NORMAL
BDG-0007,badge_0007.png,23.72,56.94,29.7,53.7,8.0,STEL_EXCEEDED
BDG-0008,badge_0008.png,2.63,24.32,41.3,70.9,8.0,NORMAL
BDG-0009,badge_0009.png,15.97,42.63,32.2,39.2,8.0,STEL_EXCEEDED
BDG-0010,badge_0010.png,8.99,28.55,33.4,25.6,8.0,ACTION_REQUIRED
BDG-0011,badge_0011.png,3.88,18.35,31.4,25.6,8.0,NORMAL
BDG-0012,badge_0012.png,3.1,20.65,26.6,58.8,8.0,NORMAL
BDG-0013,badge_0013.png,9.11,43.87,39.7,68.7,8.0,ACTION_REQUIRED
BDG-0014,badge_0014.png,35.53,74.87,21.7,77.1,8.0,STEL_EXCEEDED
BDG-0015,badge_0015.png,26.82,68.29,36.9,59.2,8.0,STEL_EXCEEDED
BDG-0016,badge_0016.png,8.91,40.03,34.7,64.7,8.0,ACTION_REQUIRED
BDG-0017,badge_0017.png,27.3,55.62,25.2,48.5,8.0,STEL_EXCEEDED
BDG-0018,badge_0018.png,2.79,20.68,22.0,74.4,8.0,NORMAL
BDG-0019,badge_0019.png,1.6,18.89,41.2,70.4,8.0,NORMAL
BDG-0020,badge_0020.png,21.15,52.21,19.2,66.9,8.0,STEL_EXCEEDED
BDG-0021,badge_0021.png,0.1,3.13,23.5,42.1,8.0,NORMAL
BDG-0022,badge_0022.png,34.89,63.99,19.5,59.9,8.0,STEL_EXCEEDED
BDG-0023,badge_0023.png,6.66,22.46,23.8,27.7,8.0,ACTION_REQUIRED
BDG-0024,badge_0024.png,4.2,26.92,24.5,78.7,8.0,NORMAL
BDG-0025,badge_0025.png,6.91,27.3,38.9,28.5,8.0,ACTION_REQUIRED
BDG-0026,badge_0026.png,9.09,28.28,20.1,40.9,8.0,ACTION_REQUIRED
BDG-0027,badge_0027.png,6.81,32.74,28.7,64.7,8.0,ACTION_REQUIRED
BDG-0028,badge_0028.png,17.9,49.13,38.1,41.7,8.0,STEL_EXCEEDED
BDG-0029,badge_0029.png,4.7,29.3,33.4,67.8,8.0,NORMAL
BDG-0030,badge_0030.png,46.21,82.39,26.3,63.8,8.0,STEL_EXCEEDED
BDG-0031,badge_0031.png,1.35,12.31,19.5,56.9,8.0,NORMAL
BDG-0032,badge_0032.png,1.09,15.71,39.2,74.5,8.0,NORMAL
BDG-0033,badge_0033.png,3.14,22.45,26.8,69.2,8.0,NORMAL
BDG-0034,badge_0034.png,6.94,37.05,32.0,75.9,8.0,ACTION_REQUIRED
BDG-0035,badge_0035.png,0.55,10.82,32.4,80.9,8.0,NORMAL
BDG-0036,badge_0036.png,45.17,60.03,21.3,33.7,8.0,STEL_EXCEEDED
BDG-0037,badge_0037.png,20.03,55.18,41.5,44.7,8.0,STEL_EXCEEDED
BDG-0038,badge_0038.png,4.22,28.98,34.6,72.1,8.0,NORMAL
BDG-0039,badge_0039.png,31.6,61.4,27.1,48.9,8.0,STEL_EXCEEDED
BDG-0040,badge_0040.png,6.43,24.07,31.0,28.0,8.0,ACTION_REQUIRED
BDG-0041,badge_0041.png,29.24,69.41,23.4,77.2,8.0,STEL_EXCEEDED
BDG-0042,badge_0042.png,20.11,53.12,35.3,47.6,8.0,STEL_EXCEEDED
BDG-0043,badge_0043.png,1.69,14.81,23.6,59.8,8.0,NORMAL
BDG-0044,badge_0044.png,9.4,35.81,41.5,38.4,8.0,ACTION_REQUIRED
BDG-0045,badge_0045.png,6.31,29.47,22.2,66.2,8.0,ACTION_REQUIRED
BDG-0046,badge_0046.png,36.91,82.09,39.1,59.4,8.0,STEL_EXCEEDED
BDG-0047,badge_0047.png,8.16,24.94,25.1,26.4,8.0,ACTION_REQUIRED
BDG-0048,badge_0048.png,25.2,47.19,31.7,26.2,8.0,STEL_EXCEEDED
BDG-0049,badge_0049.png,3.14,16.8,22.5,38.7,8.0,NORMAL
BDG-0050,badge_0050.png,2.78,20.22,28.1,61.0,8.0,NORMAL
BDG-0051,badge_0051.png,5.71,27.43,36.1,42.8,8.0,ACTION_REQUIRED
BDG-0052,badge_0052.png,23.53,41.19,19.9,30.2,8.0,STEL_EXCEEDED
BDG-0053,badge_0053.png,4.65,23.53,30.4,44.2,8.0,NORMAL
BDG-0054,badge_0054.png,2.84,18.99,18.2,67.7,8.0,NORMAL
BDG-0055,badge_0055.png,3.94,27.1,35.9,65.4,8.0,NORMAL
BDG-0056,badge_0056.png,2.41,17.26,26.4,52.2,8.0,NORMAL
BDG-0057,badge_0057.png,8.12,34.86,21.3,73.9,8.0,ACTION_REQUIRED
BDG-0058,badge_0058.png,24.74,73.47,33.2,81.4,8.0,STEL_EXCEEDED
BDG-0059,badge_0059.png,4.07,17.93,23.8,29.9,8.0,NORMAL
BDG-0060,badge_0060.png,1.07,10.06,18.4,47.8,8.0,NORMAL
BDG-0061,badge_0061.png,34.29,53.74,27.6,28.5,8.0,STEL_EXCEEDED
BDG-0062,badge_0062.png,7.87,24.55,19.9,33.4,8.0,ACTION_REQUIRED
BDG-0063,badge_0063.png,13.6,40.79,28.9,47.9,8.0,DANGER_EXCEEDED
BDG-0064,badge_0064.png,9.59,42.77,27.8,80.4,8.0,ACTION_REQUIRED
BDG-0065,badge_0065.png,25.71,60.54,22.3,68.5,8.0,STEL_EXCEEDED
BDG-0066,badge_0066.png,4.55,30.49,40.7,64.9,8.0,NORMAL
BDG-0067,badge_0067.png,44.43,84.28,32.1,60.5,8.0,STEL_EXCEEDED
BDG-0068,badge_0068.png,7.85,33.87,18.7,77.1,8.0,ACTION_REQUIRED
BDG-0069,badge_0069.png,6.57,37.05,34.8,75.4,8.0,ACTION_REQUIRED
BDG-0070,badge_0070.png,38.23,68.34,25.1,53.4,8.0,STEL_EXCEEDED
BDG-0071,badge_0071.png,7.21,29.02,38.2,33.5,8.0,ACTION_REQUIRED
BDG-0072,badge_0072.png,31.0,60.77,27.6,48.1,8.0,STEL_EXCEEDED
BDG-0073,badge_0073.png,26.04,57.37,41.0,34.7,8.0,STEL_EXCEEDED
BDG-0074,badge_0074.png,9.88,38.81,31.1,58.8,8.0,ACTION_REQUIRED
BDG-0075,badge_0075.png,4.38,20.87,36.7,26.7,8.0,NORMAL
BDG-0076,badge_0076.png,0.97,11.58,20.6,69.4,8.0,NORMAL
BDG-0077,badge_0077.png,3.68,23.79,24.0,71.0,8.0,NORMAL
BDG-0078,badge_0078.png,8.25,37.18,23.6,78.1,8.0,ACTION_REQUIRED
BDG-0079,badge_0079.png,22.78,73.29,37.0,81.1,8.0,STEL_EXCEEDED
BDG-0080,badge_0080.png,8.24,35.99,34.2,56.3,8.0,ACTION_REQUIRED
BDG-0081,badge_0081.png,7.15,31.64,24.9,62.8,8.0,ACTION_REQUIRED
BDG-0082,badge_0082.png,25.83,40.82,19.2,25.4,8.0,STEL_EXCEEDED
BDG-0083,badge_0083.png,4.72,26.77,32.9,55.9,8.0,NORMAL
BDG-0084,badge_0084.png,0.7,8.34,20.9,47.0,8.0,NORMAL
BDG-0085,badge_0085.png,2.15,15.44,28.1,43.1,8.0,NORMAL
BDG-0086,badge_0086.png,22.11,55.85,40.3,41.7,8.0,STEL_EXCEEDED
BDG-0087,badge_0087.png,0.53,6.09,22.7,25.1,8.0,NORMAL
BDG-0088,badge_0088.png,30.36,69.48,31.6,60.9,8.0,STEL_EXCEEDED
BDG-0089,badge_0089.png,31.75,61.23,31.3,42.5,8.0,STEL_EXCEEDED
BDG-0090,badge_0090.png,6.4,31.91,28.6,65.6,8.0,ACTION_REQUIRED
BDG-0091,badge_0091.png,22.45,67.97,33.2,76.9,8.0,STEL_EXCEEDED
BDG-0092,badge_0092.png,0.15,5.76,39.3,72.7,8.0,NORMAL
BDG-0093,badge_0093.png,0.7,7.85,31.0,26.8,8.0,NORMAL
BDG-0094,badge_0094.png,1.4,10.25,25.1,25.6,8.0,NORMAL
BDG-0095,badge_0095.png,13.37,44.79,31.2,57.6,8.0,DANGER_EXCEEDED
BDG-0096,badge_0096.png,0.6,9.61,39.7,47.7,8.0,NORMAL
BDG-0097,badge_0097.png,8.94,36.4,29.0,60.1,8.0,ACTION_REQUIRED
BDG-0098,badge_0098.png,21.26,56.62,18.3,80.3,8.0,STEL_EXCEEDED
BDG-0099,badge_0099.png,6.63,39.26,35.6,82.3,8.0,ACTION_REQUIRED
BDG-0100,badge_0100.png,0.12,4.77,27.3,80.9,8.0,NORMAL
BDG-0101,badge_0101.png,1.05,15.65,40.8,74.3,8.0,NORMAL
BDG-0102,badge_0102.png,38.99,79.52,35.1,57.1,8.0,STEL_EXCEEDED
BDG-0103,badge_0103.png,2.23,19.27,27.8,70.2,8.0,NORMAL
BDG-0104,badge_0104.png,0.69,7.48,25.8,28.7,8.0,NORMAL
BDG-0105,badge_0105.png,1.66,10.3,18.3,26.1,8.0,NORMAL
BDG-0106,badge_0106.png,6.68,33.28,38.7,53.6,8.0,ACTION_REQUIRED
BDG-0107,badge_0107.png,0.96,13.15,36.2,62.6,8.0,NORMAL
BDG-0108,badge_0108.png,46.75,81.75,34.0,50.5,8.0,STEL_EXCEEDED
BDG-0109,badge_0109.png,7.09,27.09,21.0,49.3,8.0,ACTION_REQUIRED
BDG-0110,badge_0110.png,6.92,26.98,36.7,29.6,8.0,ACTION_REQUIRED
BDG-0111,badge_0111.png,0.19,4.62,29.5,41.9,8.0,NORMAL
BDG-0112,badge_0112.png,5.47,26.29,35.6,41.0,8.0,ACTION_REQUIRED
BDG-0113,badge_0113.png,2.84,26.26,40.9,77.2,8.0,NORMAL
BDG-0114,badge_0114.png,6.1,25.01,37.8,27.1,8.0,ACTION_REQUIRED
BDG-0115,badge_0115.png,20.54,40.9,19.9,36.8,8.0,STEL_EXCEEDED
BDG-0116,badge_0116.png,3.87,18.46,22.8,37.1,8.0,NORMAL
BDG-0117,badge_0117.png,1.69,13.17,30.9,35.0,8.0,NORMAL
BDG-0118,badge_0118.png,9.8,31.81,28.2,38.8,8.0,ACTION_REQUIRED
BDG-0119,badge_0119.png,1.86,17.48,29.6,66.3,8.0,NORMAL
BDG-0120,badge_0120.png,7.08,30.3,31.9,47.3,8.0,ACTION_REQUIRED
BDG-0121,badge_0121.png,34.29,68.56,33.7,48.3,8.0,STEL_EXCEEDED
BDG-0122,badge_0122.png,6.72,29.67,32.3,47.4,8.0,ACTION_REQUIRED
BDG-0123,badge_0123.png,0.34,6.89,32.6,51.0,8.0,NORMAL
BDG-0124,badge_0124.png,16.77,40.13,25.5,38.3,8.0,STEL_EXCEEDED
BDG-0125,badge_0125.png,9.15,43.9,40.5,67.3,8.0,ACTION_REQUIRED
BDG-0126,badge_0126.png,4.6,24.02,36.7,39.2,8.0,NORMAL
BDG-0127,badge_0127.png,6.72,30.65,23.4,65.2,8.0,ACTION_REQUIRED
BDG-0128,badge_0128.png,17.58,50.84,30.9,56.7,8.0,STEL_EXCEEDED
BDG-0129,badge_0129.png,40.82,63.08,29.7,33.7,8.0,STEL_EXCEEDED
BDG-0130,badge_0130.png,6.42,31.09,18.2,80.4,8.0,ACTION_REQUIRED
BDG-0131,badge_0131.png,3.63,24.9,31.8,65.5,8.0,NORMAL
BDG-0132,badge_0132.png,0.8,9.3,23.6,48.0,8.0,NORMAL
BDG-0133,badge_0133.png,1.08,12.87,21.5,75.3,8.0,NORMAL
BDG-0134,badge_0134.png,4.12,22.96,27.7,52.4,8.0,NORMAL
BDG-0135,badge_0135.png,8.43,39.74,27.7,79.2,8.0,ACTION_REQUIRED
BDG-0136,badge_0136.png,26.91,55.05,21.4,54.0,8.0,STEL_EXCEEDED
BDG-0137,badge_0137.png,29.37,65.02,24.9,64.7,8.0,STEL_EXCEEDED
BDG-0138,badge_0138.png,35.35,52.4,23.8,29.0,8.0,STEL_EXCEEDED
BDG-0139,badge_0139.png,8.36,31.3,36.1,36.1,8.0,ACTION_REQUIRED
BDG-0140,badge_0140.png,20.22,60.74,29.3,74.4,8.0,STEL_EXCEEDED
BDG-0141,badge_0141.png,0.28,6.54,21.3,75.5,8.0,NORMAL
BDG-0142,badge_0142.png,1.73,13.86,32.6,37.3,8.0,NORMAL
BDG-0143,badge_0143.png,40.65,87.3,26.3,81.8,8.0,STEL_EXCEEDED
BDG-0144,badge_0144.png,8.5,24.56,19.2,30.3,8.0,ACTION_REQUIRED
BDG-0145,badge_0145.png,5.94,28.09,32.7,47.7,8.0,ACTION_REQUIRED
BDG-0146,badge_0146.png,8.95,34.05,20.9,64.2,8.0,ACTION_REQUIRED
BDG-0147,badge_0147.png,36.39,73.36,39.8,45.1,8.0,STEL_EXCEEDED
BDG-0148,badge_0148.png,7.02,30.8,28.0,55.5,8.0,ACTION_REQUIRED
BDG-0149,badge_0149.png,27.72,53.4,33.8,31.7,8.0,STEL_EXCEEDED
BDG-0150,badge_0150.png,40.53,74.18,33.1,48.5,8.0,STEL_EXCEEDED
BDG-0151,badge_0151.png,1.1,13.88,28.2,73.2,8.0,NORMAL
BDG-0152,badge_0152.png,15.55,58.53,33.0,82.5,8.0,STEL_EXCEEDED
BDG-0153,badge_0153.png,16.82,49.81,41.0,43.5,8.0,STEL_EXCEEDED
BDG-0154,badge_0154.png,0.9,14.95,38.5,82.7,8.0,NORMAL
BDG-0155,badge_0155.png,3.58,17.24,21.1,36.2,8.0,NORMAL
BDG-0156,badge_0156.png,2.44,15.44,18.6,49.5,8.0,NORMAL
BDG-0157,badge_0157.png,2.21,19.19,22.5,79.8,8.0,NORMAL
BDG-0158,badge_0158.png,6.77,32.77,30.7,62.1,8.0,ACTION_REQUIRED
BDG-0159,badge_0159.png,9.32,35.61,38.2,42.1,8.0,ACTION_REQUIRED
BDG-0160,badge_0160.png,4.26,16.93,18.2,28.9,8.0,NORMAL
BDG-0161,badge_0161.png,37.26,63.95,29.8,40.2,8.0,STEL_EXCEEDED
BDG-0162,badge_0162.png,0.39,5.3,19.6,30.5,8.0,NORMAL
BDG-0163,badge_0163.png,8.84,29.91,21.7,46.8,8.0,ACTION_REQUIRED
BDG-0164,badge_0164.png,6.91,23.62,24.2,30.5,8.0,ACTION_REQUIRED
BDG-0165,badge_0165.png,31.91,60.5,20.6,56.5,8.0,STEL_EXCEEDED
BDG-0166,badge_0166.png,7.31,39.05,29.6,84.2,8.0,ACTION_REQUIRED
BDG-0167,badge_0167.png,0.58,9.55,24.6,71.6,8.0,NORMAL
BDG-0168,badge_0168.png,6.32,34.64,30.0,76.2,8.0,ACTION_REQUIRED
BDG-0169,badge_0169.png,24.28,69.29,40.5,62.9,8.0,STEL_EXCEEDED
BDG-0170,badge_0170.png,3.16,15.04,22.7,26.2,8.0,NORMAL
BDG-0171,badge_0171.png,6.9,29.9,39.9,37.3,8.0,ACTION_REQUIRED
BDG-0172,badge_0172.png,7.21,31.97,35.1,48.5,8.0,ACTION_REQUIRED
BDG-0173,badge_0173.png,3.72,16.68,22.8,28.3,8.0,NORMAL
BDG-0174,badge_0174.png,0.83,12.63,29.8,77.5,8.0,NORMAL
BDG-0175,badge_0175.png,7.44,33.74,36.3,51.7,8.0,ACTION_REQUIRED
BDG-0176,badge_0176.png,5.62,32.01,26.3,79.6,8.0,ACTION_REQUIRED
BDG-0177,badge_0177.png,4.57,19.7,26.5,30.3,8.0,NORMAL
BDG-0178,badge_0178.png,26.54,70.01,33.0,69.2,8.0,STEL_EXCEEDED
BDG-0179,badge_0179.png,7.71,36.49,23.9,79.9,8.0,ACTION_REQUIRED
BDG-0180,badge_0180.png,6.8,34.16,34.2,62.2,8.0,ACTION_REQUIRED
BDG-0181,badge_0181.png,1.44,11.74,35.6,25.9,8.0,NORMAL
BDG-0182,badge_0182.png,38.45,78.08,40.0,49.1,8.0,STEL_EXCEEDED
BDG-0183,badge_0183.png,16.54,58.4,29.2,84.0,8.0,STEL_EXCEEDED
BDG-0184,badge_0184.png,13.73,39.91,21.1,56.4,8.0,DANGER_EXCEEDED
BDG-0185,badge_0185.png,31.18,69.48,28.3,64.2,8.0,STEL_EXCEEDED
BDG-0186,badge_0186.png,4.04,22.65,20.7,63.2,8.0,NORMAL
BDG-0187,badge_0187.png,39.02,67.75,19.3,60.4,8.0,STEL_EXCEEDED
BDG-0188,badge_0188.png,1.51,16.15,29.1,70.7,8.0,NORMAL
BDG-0189,badge_0189.png,4.64,31.9,38.7,72.9,8.0,NORMAL
BDG-0190,badge_0190.png,2.39,17.05,30.0,46.0,8.0,NORMAL
BDG-0191,badge_0191.png,2.44,16.73,29.4,43.3,8.0,NORMAL
BDG-0192,badge_0192.png,8.07,38.2,32.8,68.0,8.0,ACTION_REQUIRED
BDG-0193,badge_0193.png,10.03,38.75,38.7,47.2,8.0,DANGER_EXCEEDED
BDG-0194,badge_0194.png,39.37,58.84,27.4,31.0,8.0,STEL_EXCEEDED
BDG-0195,badge_0195.png,14.09,32.54,22.0,29.6,8.0,DANGER_EXCEEDED
BDG-0196,badge_0196.png,0.11,3.96,18.2,76.1,8.0,NORMAL
BDG-0197,badge_0197.png,0.51,8.27,39.2,40.1,8.0,NORMAL
BDG-0198,badge_0198.png,24.56,55.74,26.7,53.2,8.0,STEL_EXCEEDED
BDG-0199,badge_0199.png,1.15,13.67,19.2,84.3,8.0,NORMAL
BDG-0200,badge_0200.png,3.93,26.25,30.0,70.3,8.0,NORMAL
BDG-0201,badge_0201.png,4.77,31.63,32.8,79.0,8.0,NORMAL
BDG-0202,badge_0202.png,39.81,91.58,39.9,68.2,8.0,STEL_EXCEEDED
BDG-0203,badge_0203.png,1.59,11.0,22.8,29.2,8.0,NORMAL
BDG-0204,badge_0204.png,16.1,38.62,27.4,33.8,8.0,STEL_EXCEEDED
BDG-0205,badge_0205.png,7.3,28.45,22.2,51.7,8.0,ACTION_REQUIRED
BDG-0206,badge_0206.png,9.39,36.81,39.5,44.0,8.0,ACTION_REQUIRED
BDG-0207,badge_0207.png,6.77,24.68,23.6,37.2,8.0,ACTION_REQUIRED
BDG-0208,badge_0208.png,5.72,24.79,39.5,27.7,8.0,ACTION_REQUIRED
BDG-0209,badge_0209.png,42.29,74.56,30.7,49.8,8.0,STEL_EXCEEDED
BDG-0210,badge_0210.png,16.49,50.53,33.3,56.6,8.0,STEL_EXCEEDED
BDG-0211,badge_0211.png,8.88,37.92,25.8,71.6,8.0,ACTION_REQUIRED
BDG-0212,badge_0212.png,2.19,15.9,28.5,44.9,8.0,NORMAL
BDG-0213,badge_0213.png,31.76,54.69,18.2,47.9,8.0,STEL_EXCEEDED
BDG-0214,badge_0214.png,0.41,6.5,25.9,41.8,8.0,NORMAL
BDG-0215,badge_0215.png,0.81,10.15,28.8,50.4,8.0,NORMAL
BDG-0216,badge_0216.png,0.74,11.12,30.3,66.3,8.0,NORMAL
BDG-0217,badge_0217.png,3.21,20.08,23.9,57.1,8.0,NORMAL
BDG-0218,badge_0218.png,3.02,15.42,26.5,26.4,8.0,NORMAL
BDG-0219,badge_0219.png,12.64,41.01,33.9,46.2,8.0,DANGER_EXCEEDED
BDG-0220,badge_0220.png,2.42,17.46,30.1,48.0,8.0,NORMAL
BDG-0221,badge_0221.png,2.53,12.89,18.5,27.2,8.0,NORMAL
BDG-0222,badge_0222.png,3.14,26.32,32.9,82.8,8.0,NORMAL
BDG-0223,badge_0223.png,4.61,24.03,24.9,55.3,8.0,NORMAL
BDG-0224,badge_0224.png,7.81,35.58,31.8,61.9,8.0,ACTION_REQUIRED
BDG-0225,badge_0225.png,0.54,9.23,27.6,66.6,8.0,NORMAL
BDG-0226,badge_0226.png,21.56,46.36,19.9,48.7,8.0,STEL_EXCEEDED
BDG-0227,badge_0227.png,4.39,27.52,33.9,63.0,8.0,NORMAL
BDG-0228,badge_0228.png,24.79,51.1,22.4,48.2,8.0,STEL_EXCEEDED
BDG-0229,badge_0229.png,5.65,30.1,31.9,61.0,8.0,ACTION_REQUIRED
BDG-0230,badge_0230.png,0.64,10.45,21.4,83.8,8.0,NORMAL
BDG-0231,badge_0231.png,47.93,77.95,33.6,43.7,8.0,STEL_EXCEEDED
BDG-0232,badge_0232.png,4.14,23.49,20.2,67.5,8.0,NORMAL
BDG-0233,badge_0233.png,33.92,86.2,37.1,75.3,8.0,STEL_EXCEEDED
BDG-0234,badge_0234.png,6.79,29.02,41.9,32.7,8.0,ACTION_REQUIRED
BDG-0235,badge_0235.png,1.64,13.42,37.1,31.4,8.0,NORMAL
BDG-0236,badge_0236.png,18.79,62.82,31.7,81.0,8.0,STEL_EXCEEDED
BDG-0237,badge_0237.png,8.34,40.3,39.1,63.8,8.0,ACTION_REQUIRED
BDG-0238,badge_0238.png,2.04,16.1,36.6,40.1,8.0,NORMAL
BDG-0239,badge_0239.png,13.58,37.56,36.2,29.5,8.0,DANGER_EXCEEDED
BDG-0240,badge_0240.png,5.33,29.99,30.5,66.7,8.0,ACTION_REQUIRED
BDG-0241,badge_0241.png,12.17,31.41,23.0,32.3,8.0,DANGER_EXCEEDED
BDG-0242,badge_0242.png,0.72,10.92,40.6,51.1,8.0,NORMAL
BDG-0243,badge_0243.png,7.43,26.17,20.4,43.2,8.0,ACTION_REQUIRED
BDG-0244,badge_0244.png,8.77,39.14,29.4,71.0,8.0,ACTION_REQUIRED
BDG-0245,badge_0245.png,1.22,12.74,18.6,70.3,8.0,NORMAL
BDG-0246,badge_0246.png,5.36,22.68,29.4,33.2,8.0,ACTION_REQUIRED
BDG-0247,badge_0247.png,0.84,11.19,28.0,62.0,8.0,NORMAL
BDG-0248,badge_0248.png,8.11,35.91,37.0,53.2,8.0,ACTION_REQUIRED
BDG-0249,badge_0249.png,1.81,13.45,18.7,50.8,8.0,NORMAL
BDG-0250,badge_0250.png,1.74,14.78,35.9,40.2,8.0,NORMAL
BDG-0251,badge_0251.png,9.61,39.82,29.4,66.9,8.0,ACTION_REQUIRED
BDG-0252,badge_0252.png,6.75,37.58,29.5,84.6,8.0,ACTION_REQUIRED
BDG-0253,badge_0253.png,7.14,36.28,38.7,60.6,8.0,ACTION_REQUIRED
BDG-0254,badge_0254.png,14.06,31.14,19.5,28.4,8.0,DANGER_EXCEEDED
BDG-0255,badge_0255.png,1.64,13.82,36.4,35.4,8.0,NORMAL
BDG-0256,badge_0256.png,2.14,18.76,24.4,75.2,8.0,NORMAL
BDG-0257,badge_0257.png,8.08,35.39,38.5,49.6,8.0,ACTION_REQUIRED
BDG-0258,badge_0258.png,5.25,23.09,22.1,46.4,8.0,ACTION_REQUIRED
BDG-0259,badge_0259.png,6.99,30.3,28.3,53.2,8.0,ACTION_REQUIRED
BDG-0260,badge_0260.png,3.84,28.27,40.6,66.3,8.0,NORMAL
BDG-0261,badge_0261.png,9.24,31.12,40.5,25.4,8.0,ACTION_REQUIRED
BDG-0262,badge_0262.png,5.7,28.44,37.7,45.2,8.0,ACTION_REQUIRED
BDG-0263,badge_0263.png,2.2,18.56,21.0,77.9,8.0,NORMAL
BDG-0264,badge_0264.png,0.78,11.14,20.3,80.5,8.0,NORMAL
BDG-0265,badge_0265.png,20.38,62.28,28.6,78.8,8.0,STEL_EXCEEDED
BDG-0266,badge_0266.png,9.68,30.3,35.4,25.7,8.0,ACTION_REQUIRED
BDG-0267,badge_0267.png,15.09,63.16,41.4,83.0,8.0,STEL_EXCEEDED
BDG-0268,badge_0268.png,1.68,17.03,26.3,75.5,8.0,NORMAL
BDG-0269,badge_0269.png,6.79,26.08,20.2,48.5,8.0,ACTION_REQUIRED
BDG-0270,badge_0270.png,2.28,16.66,27.3,49.9,8.0,NORMAL
BDG-0271,badge_0271.png,2.39,18.11,29.0,55.0,8.0,NORMAL
BDG-0272,badge_0272.png,36.13,62.51,29.0,40.4,8.0,STEL_EXCEEDED
BDG-0273,badge_0273.png,18.83,60.05,37.4,65.1,8.0,STEL_EXCEEDED
BDG-0274,badge_0274.png,8.22,25.86,22.3,33.4,8.0,ACTION_REQUIRED
BDG-0275,badge_0275.png,3.0,23.5,24.9,83.0,8.0,NORMAL
BDG-0276,badge_0276.png,18.69,52.76,36.9,49.2,8.0,STEL_EXCEEDED
BDG-0277,badge_0277.png,1.12,11.12,38.8,29.8,8.0,NORMAL
BDG-0278,badge_0278.png,9.55,32.53,28.5,42.5,8.0,ACTION_REQUIRED
BDG-0279,badge_0279.png,11.59,43.61,20.9,81.7,8.0,DANGER_EXCEEDED
BDG-0280,badge_0280.png,2.29,18.46,30.3,58.4,8.0,NORMAL
BDG-0281,badge_0281.png,34.98,82.14,34.3,70.3,8.0,STEL_EXCEEDED
BDG-0282,badge_0282.png,1.54,14.64,20.9,69.3,8.0,NORMAL
BDG-0283,badge_0283.png,3.64,24.92,28.9,70.1,8.0,NORMAL
BDG-0284,badge_0284.png,7.47,33.43,27.0,63.9,8.0,ACTION_REQUIRED
BDG-0285,badge_0285.png,0.26,4.91,25.4,36.4,8.0,NORMAL
BDG-0286,badge_0286.png,0.98,10.94,41.0,32.8,8.0,NORMAL
BDG-0287,badge_0287.png,3.94,24.5,22.7,72.6,8.0,NORMAL
BDG-0288,badge_0288.png,26.63,62.54,27.9,61.2,8.0,STEL_EXCEEDED
BDG-0289,badge_0289.png,39.01,58.53,25.3,33.6,8.0,STEL_EXCEEDED
BDG-0290,badge_0290.png,2.56,22.79,28.7,83.6,8.0,NORMAL
BDG-0291,badge_0291.png,5.59,22.45,21.4,40.4,8.0,ACTION_REQUIRED
BDG-0292,badge_0292.png,13.82,42.85,32.2,48.4,8.0,DANGER_EXCEEDED
BDG-0293,badge_0293.png,9.5,25.83,19.3,29.6,8.0,ACTION_REQUIRED
BDG-0294,badge_0294.png,0.78,9.1,39.2,27.4,8.0,NORMAL
BDG-0295,badge_0295.png,14.09,34.5,19.6,39.3,8.0,DANGER_EXCEEDED
BDG-0296,badge_0296.png,9.78,39.49,33.2,58.7,8.0,ACTION_REQUIRED
BDG-0297,badge_0297.png,5.62,28.43,35.1,49.4,8.0,ACTION_REQUIRED
BDG-0298,badge_0298.png,6.06,35.17,31.4,79.3,8.0,ACTION_REQUIRED
BDG-0299,badge_0299.png,5.9,23.27,24.8,36.7,8.0,ACTION_REQUIRED
BDG-0300,badge_0300.png,7.17,32.02,30.6,55.3,8.0,ACTION_REQUIRED
BDG-0301,badge_0301.png,19.67,54.13,27.7,62.5,8.0,STEL_EXCEEDED
BDG-0302,badge_0302.png,41.3,55.68,24.8,26.0,8.0,STEL_EXCEEDED
BDG-0303,badge_0303.png,1.2,11.89,38.5,33.6,8.0,NORMAL
BDG-0304,badge_0304.png,1.66,14.39,34.1,42.1,8.0,NORMAL
BDG-0305,badge_0305.png,7.08,27.99,18.6,57.5,8.0,ACTION_REQUIRED
BDG-0306,badge_0306.png,8.01,29.11,23.5,46.8,8.0,ACTION_REQUIRED
BDG-0307,badge_0307.png,0.35,5.81,36.0,25.9,8.0,NORMAL
BDG-0308,badge_0308.png,43.04,89.89,31.7,72.5,8.0,STEL_EXCEEDED
BDG-0309,badge_0309.png,7.78,39.85,40.7,64.8,8.0,ACTION_REQUIRED
BDG-0310,badge_0310.png,21.22,61.63,25.1,80.4,8.0,STEL_EXCEEDED
BDG-0311,badge_0311.png,38.97,81.52,27.3,72.8,8.0,STEL_EXCEEDED
BDG-0312,badge_0312.png,0.28,7.2,27.7,78.3,8.0,NORMAL
BDG-0313,badge_0313.png,1.33,14.56,19.9,81.4,8.0,NORMAL
BDG-0314,badge_0314.png,4.88,26.7,28.0,60.7,8.0,NORMAL
BDG-0315,badge_0315.png,20.09,58.85,41.4,52.6,8.0,STEL_EXCEEDED
BDG-0316,badge_0316.png,3.25,27.29,38.2,77.0,8.0,NORMAL
BDG-0317,badge_0317.png,20.23,47.1,40.2,28.0,8.0,STEL_EXCEEDED
BDG-0318,badge_0318.png,28.94,54.51,33.1,32.4,8.0,STEL_EXCEEDED
BDG-0319,badge_0319.png,0.16,4.64,27.9,55.5,8.0,NORMAL
BDG-0320,badge_0320.png,8.56,36.83,33.4,58.0,8.0,ACTION_REQUIRED
BDG-0321,badge_0321.png,2.46,20.35,30.6,66.4,8.0,NORMAL
BDG-0322,badge_0322.png,21.9,51.19,24.3,53.3,8.0,STEL_EXCEEDED
BDG-0323,badge_0323.png,37.84,75.36,32.1,56.3,8.0,STEL_EXCEEDED
BDG-0324,badge_0324.png,3.7,23.94,34.6,54.8,8.0,NORMAL
BDG-0325,badge_0325.png,4.08,28.12,26.2,84.6,8.0,NORMAL
BDG-0326,badge_0326.png,0.42,10.02,36.3,83.4,8.0,NORMAL
BDG-0327,badge_0327.png,1.09,12.49,21.0,71.2,8.0,NORMAL
BDG-0328,badge_0328.png,6.55,30.21,19.6,71.8,8.0,ACTION_REQUIRED
BDG-0329,badge_0329.png,8.75,27.82,30.6,27.5,8.0,ACTION_REQUIRED
BDG-0330,badge_0330.png,46.52,80.93,24.4,64.0,8.0,STEL_EXCEEDED
BDG-0331,badge_0331.png,44.07,87.61,23.6,81.1,8.0,STEL_EXCEEDED
BDG-0332,badge_0332.png,4.39,27.61,23.8,80.5,8.0,NORMAL
BDG-0333,badge_0333.png,5.05,20.1,23.2,31.3,8.0,ACTION_REQUIRED
BDG-0334,badge_0334.png,2.22,18.17,29.8,59.1,8.0,NORMAL
BDG-0335,badge_0335.png,9.37,41.71,27.2,79.4,8.0,ACTION_REQUIRED
BDG-0336,badge_0336.png,7.1,37.12,34.6,70.3,8.0,ACTION_REQUIRED
BDG-0337,badge_0337.png,7.55,36.65,36.3,61.6,8.0,ACTION_REQUIRED
BDG-0338,badge_0338.png,7.47,35.87,32.2,65.5,8.0,ACTION_REQUIRED
BDG-0339,badge_0339.png,5.66,28.29,39.5,42.8,8.0,ACTION_REQUIRED
BDG-0340,badge_0340.png,2.46,25.29,41.4,81.7,8.0,NORMAL
BDG-0341,badge_0341.png,5.18,24.21,18.6,59.0,8.0,ACTION_REQUIRED
BDG-0342,badge_0342.png,3.13,26.71,39.4,74.7,8.0,NORMAL
BDG-0343,badge_0343.png,6.3,32.65,23.7,78.7,8.0,ACTION_REQUIRED
BDG-0344,badge_0344.png,1.48,11.08,23.0,33.5,8.0,NORMAL
BDG-0345,badge_0345.png,0.45,9.08,28.3,76.5,8.0,NORMAL
BDG-0346,badge_0346.png,3.86,18.69,26.4,33.8,8.0,NORMAL
BDG-0347,badge_0347.png,3.76,17.96,26.2,31.2,8.0,NORMAL
BDG-0348,badge_0348.png,9.31,37.81,33.0,56.5,8.0,ACTION_REQUIRED
BDG-0349,badge_0349.png,3.12,23.89,32.2,69.8,8.0,NORMAL
BDG-0350,badge_0350.png,2.25,21.6,32.7,78.3,8.0,NORMAL
BDG-0351,badge_0351.png,4.14,21.88,28.8,44.6,8.0,NORMAL
BDG-0352,badge_0352.png,26.44,52.13,28.0,38.8,8.0,STEL_EXCEEDED
BDG-0353,badge_0353.png,5.44,24.12,40.9,26.0,8.0,ACTION_REQUIRED
BDG-0354,badge_0354.png,2.1,14.04,22.8,40.7,8.0,NORMAL
BDG-0355,badge_0355.png,47.14,91.63,36.7,61.1,8.0,STEL_EXCEEDED
BDG-0356,badge_0356.png,7.29,38.69,39.0,67.7,8.0,ACTION_REQUIRED
BDG-0357,badge_0357.png,20.12,42.13,25.1,34.1,8.0,STEL_EXCEEDED
BDG-0358,badge_0358.png,8.29,30.88,30.5,42.0,8.0,ACTION_REQUIRED
BDG-0359,badge_0359.png,14.71,35.36,26.6,30.2,8.0,DANGER_EXCEEDED
BDG-0360,badge_0360.png,9.42,48.53,39.4,81.8,8.0,ACTION_REQUIRED
BDG-0361,badge_0361.png,9.21,25.95,23.0,26.9,8.0,ACTION_REQUIRED
BDG-0362,badge_0362.png,3.24,21.95,29.2,60.0,8.0,NORMAL
BDG-0363,badge_0363.png,10.66,41.2,22.6,76.1,8.0,DANGER_EXCEEDED
BDG-0364,badge_0364.png,2.68,16.92,27.6,41.6,8.0,NORMAL
BDG-0365,badge_0365.png,4.3,21.53,32.3,36.0,8.0,NORMAL
BDG-0366,badge_0366.png,1.73,14.84,39.3,37.0,8.0,NORMAL
BDG-0367,badge_0367.png,13.93,43.23,41.8,37.1,8.0,DANGER_EXCEEDED
BDG-0368,badge_0368.png,9.15,30.22,19.7,49.1,8.0,ACTION_REQUIRED
BDG-0369,badge_0369.png,37.27,70.38,37.9,41.1,8.0,STEL_EXCEEDED
BDG-0370,badge_0370.png,0.64,10.9,32.3,70.7,8.0,NORMAL
BDG-0371,badge_0371.png,15.07,42.23,23.9,53.2,8.0,STEL_EXCEEDED
BDG-0372,badge_0372.png,1.84,18.67,31.0,74.3,8.0,NORMAL
BDG-0373,badge_0373.png,16.85,46.23,33.0,44.5,8.0,STEL_EXCEEDED
BDG-0374,badge_0374.png,1.69,18.01,35.9,67.5,8.0,NORMAL
BDG-0375,badge_0375.png,1.5,14.26,24.4,61.4,8.0,NORMAL
BDG-0376,badge_0376.png,7.38,40.53,34.9,80.1,8.0,ACTION_REQUIRED
BDG-0377,badge_0377.png,2.6,16.7,18.4,55.8,8.0,NORMAL
BDG-0378,badge_0378.png,43.84,57.79,19.2,34.1,8.0,STEL_EXCEEDED
BDG-0379,badge_0379.png,3.57,21.39,39.7,36.9,8.0,NORMAL
BDG-0380,badge_0380.png,14.44,41.95,34.7,40.0,8.0,DANGER_EXCEEDED
BDG-0381,badge_0381.png,4.03,20.84,23.6,47.8,8.0,NORMAL
BDG-0382,badge_0382.png,32.65,81.0,39.1,66.0,8.0,STEL_EXCEEDED
BDG-0383,badge_0383.png,3.01,23.86,37.4,64.2,8.0,NORMAL
BDG-0384,badge_0384.png,37.5,67.62,26.2,51.6,8.0,STEL_EXCEEDED
BDG-0385,badge_0385.png,0.64,9.89,27.2,65.1,8.0,NORMAL
BDG-0386,badge_0386.png,5.71,33.31,26.9,83.5,8.0,ACTION_REQUIRED
BDG-0387,badge_0387.png,4.02,18.73,28.8,28.9,8.0,NORMAL
BDG-0388,badge_0388.png,18.94,60.66,37.2,66.4,8.0,STEL_EXCEEDED
BDG-0389,badge_0389.png,16.57,63.96,36.9,84.9,8.0,STEL_EXCEEDED
BDG-0390,badge_0390.png,1.39,12.81,19.1,61.0,8.0,NORMAL
BDG-0391,badge_0391.png,0.2,4.43,29.4,34.5,8.0,NORMAL
BDG-0392,badge_0392.png,14.95,45.67,30.0,54.6,8.0,DANGER_EXCEEDED
BDG-0393,badge_0393.png,7.22,37.16,34.3,69.7,8.0,ACTION_REQUIRED
BDG-0394,badge_0394.png,1.77,15.66,21.5,67.9,8.0,NORMAL
BDG-0395,badge_0395.png,14.1,39.54,37.3,31.7,8.0,DANGER_EXCEEDED
BDG-0396,badge_0396.png,6.26,35.83,39.0,67.6,8.0,ACTION_REQUIRED
BDG-0397,badge_0397.png,5.83,24.59,23.7,45.3,8.0,ACTION_REQUIRED
BDG-0398,badge_0398.png,0.61,10.41,38.0,59.1,8.0,NORMAL
BDG-0399,badge_0399.png,0.26,6.63,29.9,67.8,8.0,NORMAL
BDG-0400,badge_0400.png,22.52,53.3,37.4,38.7,8.0,STEL_EXCEEDED
BDG-0401,badge_0401.png,1.32,15.5,27.3,77.7,8.0,NORMAL
BDG-0402,badge_0402.png,4.05,17.15,20.8,29.4,8.0,NORMAL
BDG-0403,badge_0403.png,19.9,63.91,36.7,71.1,8.0,STEL_EXCEEDED
BDG-0404,badge_0404.png,0.68,8.49,22.7,48.1,8.0,NORMAL
BDG-0405,badge_0405.png,15.92,43.0,40.2,31.0,8.0,STEL_EXCEEDED
BDG-0406,badge_0406.png,7.38,42.47,38.1,82.1,8.0,ACTION_REQUIRED
BDG-0407,badge_0407.png,6.6,24.26,19.5,42.6,8.0,ACTION_REQUIRED
BDG-0408,badge_0408.png,9.37,36.72,38.0,45.7,8.0,ACTION_REQUIRED
BDG-0409,badge_0409.png,34.97,49.67,22.5,25.7,8.0,STEL_EXCEEDED
BDG-0410,badge_0410.png,24.46,65.39,30.1,69.9,8.0,STEL_EXCEEDED
BDG-0411,badge_0411.png,4.33,29.44,34.0,73.5,8.0,NORMAL
BDG-0412,badge_0412.png,7.39,28.59,32.1,37.7,8.0,ACTION_REQUIRED
BDG-0413,badge_0413.png,8.92,33.92,25.3,56.6,8.0,ACTION_REQUIRED
BDG-0414,badge_0414.png,3.51,17.56,28.5,29.6,8.0,NORMAL
BDG-0415,badge_0415.png,41.71,73.06,18.5,67.7,8.0,STEL_EXCEEDED
BDG-0416,badge_0416.png,42.75,82.88,32.6,60.1,8.0,STEL_EXCEEDED
BDG-0417,badge_0417.png,12.22,43.46,19.4,80.0,8.0,DANGER_EXCEEDED
BDG-0418,badge_0418.png,3.75,20.88,34.9,37.1,8.0,NORMAL
BDG-0419,badge_0419.png,7.22,27.88,23.9,47.3,8.0,ACTION_REQUIRED
BDG-0420,badge_0420.png,8.74,28.14,21.0,41.3,8.0,ACTION_REQUIRED
BDG-0421,badge_0421.png,3.08,17.96,35.5,30.7,8.0,NORMAL
BDG-0422,badge_0422.png,7.92,29.64,31.6,38.5,8.0,ACTION_REQUIRED
BDG-0423,badge_0423.png,2.46,14.89,18.2,45.2,8.0,NORMAL
BDG-0424,badge_0424.png,2.28,13.07,22.2,29.2,8.0,NORMAL
BDG-0425,badge_0425.png,9.56,35.72,29.9,51.9,8.0,ACTION_REQUIRED
BDG-0426,badge_0426.png,17.17,53.55,25.0,75.3,8.0,STEL_EXCEEDED
BDG-0427,badge_0427.png,2.33,20.72,38.6,60.7,8.0,NORMAL
BDG-0428,badge_0428.png,8.12,35.46,28.5,63.9,8.0,ACTION_REQUIRED
BDG-0429,badge_0429.png,4.41,20.33,25.9,36.4,8.0,NORMAL
BDG-0430,badge_0430.png,7.34,28.67,24.9,48.2,8.0,ACTION_REQUIRED
BDG-0431,badge_0431.png,0.62,11.6,41.5,68.0,8.0,NORMAL
BDG-0432,badge_0432.png,3.7,25.64,37.5,59.8,8.0,NORMAL
BDG-0433,badge_0433.png,9.27,36.12,23.2,66.0,8.0,ACTION_REQUIRED
BDG-0434,badge_0434.png,2.27,19.23,38.4,52.9,8.0,NORMAL
BDG-0435,badge_0435.png,4.63,33.05,36.0,82.8,8.0,NORMAL
BDG-0436,badge_0436.png,3.85,22.21,21.7,62.1,8.0,NORMAL
BDG-0437,badge_0437.png,2.3,13.51,27.9,25.1,8.0,NORMAL
BDG-0438,badge_0438.png,1.39,12.45,22.8,51.1,8.0,NORMAL
BDG-0439,badge_0439.png,8.74,28.3,30.1,29.9,8.0,ACTION_REQUIRED
BDG-0440,badge_0440.png,5.54,31.0,40.7,53.9,8.0,ACTION_REQUIRED
BDG-0441,badge_0441.png,9.56,31.39,20.5,49.8,8.0,ACTION_REQUIRED
BDG-0442,badge_0442.png,6.85,24.06,27.9,28.3,8.0,ACTION_REQUIRED
BDG-0443,badge_0443.png,24.34,42.5,21.1,30.1,8.0,STEL_EXCEEDED
BDG-0444,badge_0444.png,3.62,21.76,37.7,40.4,8.0,NORMAL
BDG-0445,badge_0445.png,5.59,31.43,40.7,55.1,8.0,ACTION_REQUIRED
BDG-0446,badge_0446.png,3.85,23.35,21.8,68.9,8.0,NORMAL
BDG-0447,badge_0447.png,8.11,39.16,34.6,68.4,8.0,ACTION_REQUIRED
BDG-0448,badge_0448.png,6.32,31.67,18.9,83.1,8.0,ACTION_REQUIRED
BDG-0449,badge_0449.png,3.98,20.36,21.7,48.6,8.0,NORMAL
BDG-0450,badge_0450.png,3.85,19.27,33.8,28.3,8.0,NORMAL
BDG-0451,badge_0451.png,4.23,26.79,31.2,66.0,8.0,NORMAL
BDG-0452,badge_0452.png,18.56,43.29,19.2,50.6,8.0,STEL_EXCEEDED
BDG-0453,badge_0453.png,10.68,29.23,20.4,35.1,8.0,DANGER_EXCEEDED
BDG-0454,badge_0454.png,2.86,24.3,35.0,74.2,8.0,NORMAL
BDG-0455,badge_0455.png,21.83,52.22,20.1,63.1,8.0,STEL_EXCEEDED
BDG-0456,badge_0456.png,2.12,21.73,38.8,73.9,8.0,NORMAL
BDG-0457,badge_0457.png,2.77,19.49,36.0,45.3,8.0,NORMAL
BDG-0458,badge_0458.png,3.45,23.69,31.3,62.9,8.0,NORMAL
BDG-0459,badge_0459.png,1.34,13.92,24.2,66.2,8.0,NORMAL
BDG-0460,badge_0460.png,8.66,30.27,29.5,38.5,8.0,ACTION_REQUIRED
BDG-0461,badge_0461.png,6.3,32.94,41.1,52.9,8.0,ACTION_REQUIRED
BDG-0462,badge_0462.png,1.38,9.6,18.3,28.3,8.0,NORMAL
BDG-0463,badge_0463.png,9.55,38.28,20.6,77.1,8.0,ACTION_REQUIRED
BDG-0464,badge_0464.png,3.38,24.61,37.5,60.4,8.0,NORMAL
BDG-0465,badge_0465.png,0.59,8.3,40.5,30.9,8.0,NORMAL
BDG-0466,badge_0466.png,4.64,33.09,35.3,84.0,8.0,NORMAL
BDG-0467,badge_0467.png,36.56,55.79,25.0,32.3,8.0,STEL_EXCEEDED
BDG-0468,badge_0468.png,0.94,11.94,33.3,55.2,8.0,NORMAL
BDG-0469,badge_0469.png,8.38,35.61,36.9,50.2,8.0,ACTION_REQUIRED
BDG-0470,badge_0470.png,23.26,62.89,34.8,60.7,8.0,STEL_EXCEEDED
BDG-0471,badge_0471.png,27.07,54.24,41.7,26.0,8.0,STEL_EXCEEDED
BDG-0472,badge_0472.png,5.47,31.46,39.1,58.8,8.0,ACTION_REQUIRED
BDG-0473,badge_0473.png,2.97,22.66,24.8,78.3,8.0,NORMAL
BDG-0474,badge_0474.png,1.85,17.95,34.1,63.4,8.0,NORMAL
BDG-0475,badge_0475.png,4.45,25.74,18.8,78.3,8.0,NORMAL
BDG-0476,badge_0476.png,46.51,105.74,38.8,79.7,8.0,STEL_EXCEEDED
BDG-0477,badge_0477.png,2.75,26.19,38.6,82.9,8.0,NORMAL
BDG-0478,badge_0478.png,1.64,13.85,24.8,51.1,8.0,NORMAL
BDG-0479,badge_0479.png,9.26,44.3,38.5,70.7,8.0,ACTION_REQUIRED
BDG-0480,badge_0480.png,3.8,21.64,26.9,51.2,8.0,NORMAL
BDG-0481,badge_0481.png,3.84,18.5,22.2,38.6,8.0,NORMAL
BDG-0482,badge_0482.png,1.82,12.95,24.8,36.9,8.0,NORMAL
BDG-0483,badge_0483.png,22.16,53.26,38.7,38.0,8.0,STEL_EXCEEDED
BDG-0484,badge_0484.png,2.85,15.58,18.3,41.7,8.0,NORMAL
BDG-0485,badge_0485.png,8.36,25.65,18.3,37.2,8.0,ACTION_REQUIRED
BDG-0486,badge_0486.png,6.8,32.42,18.5,81.8,8.0,ACTION_REQUIRED
BDG-0487,badge_0487.png,0.81,10.75,38.5,44.5,8.0,NORMAL
BDG-0488,badge_0488.png,27.75,67.47,35.7,57.0,8.0,STEL_EXCEEDED
BDG-0489,badge_0489.png,40.38,70.0,29.1,47.1,8.0,STEL_EXCEEDED
BDG-0490,badge_0490.png,1.8,15.83,19.3,72.3,8.0,NORMAL
BDG-0491,badge_0491.png,3.95,21.26,25.7,48.4,8.0,NORMAL
BDG-0492,badge_0492.png,0.55,9.45,35.2,57.1,8.0,NORMAL
BDG-0493,badge_0493.png,8.97,42.67,39.6,66.0,8.0,ACTION_REQUIRED
BDG-0494,badge_0494.png,4.19,22.23,23.9,53.0,8.0,NORMAL
BDG-0495,badge_0495.png,26.75,56.46,19.0,61.8,8.0,STEL_EXCEEDED
BDG-0496,badge_0496.png,19.08,47.53,34.5,38.6,8.0,STEL_EXCEEDED
BDG-0497,badge_0497.png,34.54,65.16,39.0,35.4,8.0,STEL_EXCEEDED
BDG-0498,badge_0498.png,4.4,25.13,21.3,70.8,8.0,NORMAL
BDG-0499,badge_0499.png,4.16,23.49,39.3,39.3,8.0,NORMAL
BDG-0500,badge_0500.png,13.79,53.5,40.0,67.0,8.0,DANGER_EXCEEDED
BDG-0501,badge_0501.png,21.65,41.03,24.4,28.3,8.0,STEL_EXCEEDED
BDG-0502,badge_0502.png,7.0,39.38,33.6,81.9,8.0,ACTION_REQUIRED
BDG-0503,badge_0503.png,2.89,25.04,40.8,69.0,8.0,NORMAL
BDG-0504,badge_0504.png,2.17,18.82,34.4,58.5,8.0,NORMAL
BDG-0505,badge_0505.png,5.45,25.92,35.4,39.8,8.0,ACTION_REQUIRED
BDG-0506,badge_0506.png,5.43,25.92,29.6,47.6,8.0,ACTION_REQUIRED
BDG-0507,badge_0507.png,7.9,34.52,25.2,67.5,8.0,ACTION_REQUIRED
BDG-0508,badge_0508.png,1.22,14.32,33.5,61.8,8.0,NORMAL
BDG-0509,badge_0509.png,33.05,60.62,35.6,33.8,8.0,STEL_EXCEEDED
BDG-0510,badge_0510.png,26.3,64.25,28.4,65.0,8.0,STEL_EXCEEDED
BDG-0511,badge_0511.png,8.19,30.19,35.9,33.5,8.0,ACTION_REQUIRED
BDG-0512,badge_0512.png,6.85,32.95,29.5,63.9,8.0,ACTION_REQUIRED
BDG-0513,badge_0513.png,1.43,13.82,39.3,39.7,8.0,NORMAL
BDG-0514,badge_0514.png,39.07,56.18,23.3,31.7,8.0,STEL_EXCEEDED
BDG-0515,badge_0515.png,44.03,68.4,33.4,33.9,8.0,STEL_EXCEEDED
BDG-0516,badge_0516.png,28.99,64.86,35.9,48.9,8.0,STEL_EXCEEDED
BDG-0517,badge_0517.png,27.9,52.58,30.1,34.1,8.0,STEL_EXCEEDED
BDG-0518,badge_0518.png,47.22,94.54,35.9,66.5,8.0,STEL_EXCEEDED
BDG-0519,badge_0519.png,11.32,47.32,32.6,74.9,8.0,DANGER_EXCEEDED
BDG-0520,badge_0520.png,18.8,42.99,34.5,28.5,8.0,STEL_EXCEEDED
BDG-0521,badge_0521.png,40.09,80.73,35.0,57.4,8.0,STEL_EXCEEDED
BDG-0522,badge_0522.png,5.17,20.71,27.8,27.5,8.0,ACTION_REQUIRED
BDG-0523,badge_0523.png,6.38,26.75,19.2,57.4,8.0,ACTION_REQUIRED
BDG-0524,badge_0524.png,6.15,28.67,24.6,60.1,8.0,ACTION_REQUIRED
BDG-0525,badge_0525.png,6.62,30.01,28.5,55.2,8.0,ACTION_REQUIRED
BDG-0526,badge_0526.png,35.54,66.36,30.9,45.9,8.0,STEL_EXCEEDED
BDG-0527,badge_0527.png,4.63,23.24,25.2,50.3,8.0,NORMAL
BDG-0528,badge_0528.png,6.28,23.92,20.6,42.2,8.0,ACTION_REQUIRED
BDG-0529,badge_0529.png,23.94,63.09,29.0,68.1,8.0,STEL_EXCEEDED
BDG-0530,badge_0530.png,14.16,34.09,22.3,33.9,8.0,DANGER_EXCEEDED
BDG-0531,badge_0531.png,11.96,45.32,24.9,77.6,8.0,DANGER_EXCEEDED
BDG-0532,badge_0532.png,7.64,42.96,38.1,81.2,8.0,ACTION_REQUIRED
BDG-0533,badge_0533.png,8.81,43.43,41.4,67.2,8.0,ACTION_REQUIRED
BDG-0534,badge_0534.png,0.79,11.8,29.1,72.1,8.0,NORMAL
BDG-0535,badge_0535.png,0.51,8.8,34.9,53.1,8.0,NORMAL
BDG-0536,badge_0536.png,28.67,62.9,27.4,57.8,8.0,STEL_EXCEEDED
BDG-0537,badge_0537.png,47.32,81.31,34.8,48.0,8.0,STEL_EXCEEDED
BDG-0538,badge_0538.png,0.61,8.46,36.3,35.9,8.0,NORMAL
BDG-0539,badge_0539.png,2.63,16.64,27.3,41.1,8.0,NORMAL
BDG-0540,badge_0540.png,9.63,44.2,36.6,70.4,8.0,ACTION_REQUIRED
BDG-0541,badge_0541.png,42.57,77.44,22.5,67.3,8.0,STEL_EXCEEDED
BDG-0542,badge_0542.png,6.44,36.61,32.4,79.1,8.0,ACTION_REQUIRED
BDG-0543,badge_0543.png,3.81,17.42,20.1,35.3,8.0,NORMAL
BDG-0544,badge_0544.png,7.95,29.49,19.1,55.9,8.0,ACTION_REQUIRED
BDG-0545,badge_0545.png,9.56,37.53,18.2,78.7,8.0,ACTION_REQUIRED
BDG-0546,badge_0546.png,2.55,14.19,24.5,29.0,8.0,NORMAL
BDG-0547,badge_0547.png,0.73,10.74,29.5,63.7,8.0,NORMAL
BDG-0548,badge_0548.png,4.05,24.14,22.8,68.3,8.0,NORMAL
BDG-0549,badge_0549.png,3.16,26.11,35.5,76.7,8.0,NORMAL
BDG-0550,badge_0550.png,17.52,59.47,28.0,84.5,8.0,STEL_EXCEEDED
BDG-0551,badge_0551.png,4.63,28.53,29.5,71.3,8.0,NORMAL
BDG-0552,badge_0552.png,6.14,37.09,35.2,80.1,8.0,ACTION_REQUIRED
BDG-0553,badge_0553.png,8.78,35.82,33.2,53.0,8.0,ACTION_REQUIRED
BDG-0554,badge_0554.png,9.89,34.31,32.9,40.9,8.0,ACTION_REQUIRED
BDG-0555,badge_0555.png,11.86,49.17,31.7,78.7,8.0,DANGER_EXCEEDED
BDG-0556,badge_0556.png,4.77,27.93,20.2,82.8,8.0,NORMAL
BDG-0557,badge_0557.png,41.05,78.69,33.8,54.2,8.0,STEL_EXCEEDED
BDG-0558,badge_0558.png,6.31,24.89,37.6,25.1,8.0,ACTION_REQUIRED
BDG-0559,badge_0559.png,3.32,29.14,40.5,81.8,8.0,NORMAL
BDG-0560,badge_0560.png,4.82,24.08,40.1,33.0,8.0,NORMAL
BDG-0561,badge_0561.png,6.49,31.95,30.9,61.2,8.0,ACTION_REQUIRED
BDG-0562,badge_0562.png,2.75,15.37,24.4,33.6,8.0,NORMAL
BDG-0563,badge_0563.png,0.52,11.22,38.6,80.6,8.0,NORMAL
BDG-0564,badge_0564.png,0.49,8.03,39.1,39.1,8.0,NORMAL
BDG-0565,badge_0565.png,2.86,18.1,38.6,32.0,8.0,NORMAL
BDG-0566,badge_0566.png,11.84,32.21,26.6,31.8,8.0,DANGER_EXCEEDED
BDG-0567,badge_0567.png,3.02,24.32,39.3,63.9,8.0,NORMAL
BDG-0568,badge_0568.png,6.4,32.21,35.0,57.2,8.0,ACTION_REQUIRED
BDG-0569,badge_0569.png,15.92,54.59,34.2,68.3,8.0,STEL_EXCEEDED
BDG-0570,badge_0570.png,1.41,11.3,28.2,31.6,8.0,NORMAL
BDG-0571,badge_0571.png,4.3,25.63,27.4,64.7,8.0,NORMAL
BDG-0572,badge_0572.png,3.3,26.2,32.8,78.4,8.0,NORMAL
BDG-0573,badge_0573.png,7.28,35.94,37.5,59.7,8.0,ACTION_REQUIRED
BDG-0574,badge_0574.png,1.43,11.3,25.5,34.2,8.0,NORMAL
BDG-0575,badge_0575.png,16.78,48.08,24.1,63.0,8.0,STEL_EXCEEDED
BDG-0576,badge_0576.png,9.19,34.21,21.5,62.0,8.0,ACTION_REQUIRED
BDG-0577,badge_0577.png,4.37,20.79,23.2,43.2,8.0,NORMAL
BDG-0578,badge_0578.png,10.12,47.27,40.3,71.0,8.0,DANGER_EXCEEDED
BDG-0579,badge_0579.png,7.83,34.45,32.6,56.2,8.0,ACTION_REQUIRED
BDG-0580,badge_0580.png,1.32,13.89,39.3,45.0,8.0,NORMAL
BDG-0581,badge_0581.png,1.46,14.67,41.7,42.6,8.0,NORMAL
BDG-0582,badge_0582.png,2.53,18.95,38.8,43.9,8.0,NORMAL
BDG-0583,badge_0583.png,4.4,24.42,21.9,65.6,8.0,NORMAL
BDG-0584,badge_0584.png,0.35,7.48,34.4,57.1,8.0,NORMAL
BDG-0585,badge_0585.png,7.12,37.31,39.1,64.1,8.0,ACTION_REQUIRED
BDG-0586,badge_0586.png,4.2,24.55,23.7,66.5,8.0,NORMAL
BDG-0587,badge_0587.png,1.93,13.25,33.2,26.0,8.0,NORMAL
BDG-0588,badge_0588.png,2.89,20.17,19.1,73.5,8.0,NORMAL
BDG-0589,badge_0589.png,20.42,67.44,37.2,76.4,8.0,STEL_EXCEEDED
BDG-0590,badge_0590.png,8.36,36.36,38.0,51.5,8.0,ACTION_REQUIRED
BDG-0591,badge_0591.png,5.44,26.88,34.5,45.3,8.0,ACTION_REQUIRED
BDG-0592,badge_0592.png,1.64,10.96,20.5,30.2,8.0,NORMAL
BDG-0593,badge_0593.png,25.33,58.97,23.9,63.1,8.0,STEL_EXCEEDED
BDG-0594,badge_0594.png,0.16,3.35,21.9,26.1,8.0,NORMAL
BDG-0595,badge_0595.png,19.76,49.9,36.6,39.6,8.0,STEL_EXCEEDED
BDG-0596,badge_0596.png,0.66,10.2,27.9,66.1,8.0,NORMAL
BDG-0597,badge_0597.png,6.73,37.26,36.3,72.1,8.0,ACTION_REQUIRED
BDG-0598,badge_0598.png,3.55,25.14,28.0,74.8,8.0,NORMAL
BDG-0599,badge_0599.png,2.07,18.39,28.6,67.5,8.0,NORMAL
BDG-0600,badge_0600.png,32.27,48.45,22.7,27.0,8.0,STEL_EXCEEDED
BDG-0601,badge_0601.png,2.23,16.29,41.8,30.6,8.0,NORMAL
BDG-0602,badge_0602.png,3.17,18.03,39.6,25.2,8.0,NORMAL
BDG-0603,badge_0603.png,6.49,32.68,24.6,74.9,8.0,ACTION_REQUIRED
BDG-0604,badge_0604.png,0.64,8.72,36.8,36.1,8.0,NORMAL
BDG-0605,badge_0605.png,1.84,13.32,27.9,35.4,8.0,NORMAL
BDG-0606,badge_0606.png,21.0,52.31,21.2,64.1,8.0,STEL_EXCEEDED
BDG-0607,badge_0607.png,25.29,72.6,39.1,68.6,8.0,STEL_EXCEEDED
BDG-0608,badge_0608.png,5.22,31.79,26.0,84.9,8.0,ACTION_REQUIRED
BDG-0609,badge_0609.png,45.36,66.46,29.0,34.5,8.0,STEL_EXCEEDED
BDG-0610,badge_0610.png,0.22,5.96,19.4,83.3,8.0,NORMAL
BDG-0611,badge_0611.png,1.75,18.43,40.0,62.3,8.0,NORMAL
BDG-0612,badge_0612.png,9.81,35.5,28.1,52.1,8.0,ACTION_REQUIRED
BDG-0613,badge_0613.png,0.88,13.41,40.7,64.9,8.0,NORMAL
BDG-0614,badge_0614.png,0.38,6.88,40.2,34.7,8.0,NORMAL
BDG-0615,badge_0615.png,3.28,23.84,26.9,74.7,8.0,NORMAL
BDG-0616,badge_0616.png,27.23,45.1,20.1,31.8,8.0,STEL_EXCEEDED
BDG-0617,badge_0617.png,0.99,13.97,27.6,83.3,8.0,NORMAL
BDG-0618,badge_0618.png,2.23,17.96,18.3,77.1,8.0,NORMAL
BDG-0619,badge_0619.png,44.73,67.91,26.8,40.6,8.0,STEL_EXCEEDED
BDG-0620,badge_0620.png,4.24,29.36,33.0,76.3,8.0,NORMAL
BDG-0621,badge_0621.png,6.56,26.06,18.3,53.7,8.0,ACTION_REQUIRED
BDG-0622,badge_0622.png,42.48,76.06,28.8,54.8,8.0,STEL_EXCEEDED
BDG-0623,badge_0623.png,29.41,59.94,19.8,62.1,8.0,STEL_EXCEEDED
BDG-0624,badge_0624.png,37.67,98.06,38.5,84.9,8.0,STEL_EXCEEDED
BDG-0625,badge_0625.png,0.81,8.43,27.6,30.7,8.0,NORMAL
BDG-0626,badge_0626.png,4.59,20.78,23.7,39.6,8.0,NORMAL
BDG-0627,badge_0627.png,5.31,26.22,30.8,48.7,8.0,ACTION_REQUIRED
BDG-0628,badge_0628.png,1.02,9.12,22.5,33.3,8.0,NORMAL
BDG-0629,badge_0629.png,5.65,28.76,24.2,67.1,8.0,ACTION_REQUIRED
BDG-0630,badge_0630.png,14.04,50.96,26.7,80.0,8.0,DANGER_EXCEEDED
BDG-0631,badge_0631.png,37.62,88.29,35.3,74.0,8.0,STEL_EXCEEDED
BDG-0632,badge_0632.png,6.96,33.38,28.5,66.2,8.0,ACTION_REQUIRED
BDG-0633,badge_0633.png,0.21,5.26,39.5,38.8,8.0,NORMAL
BDG-0634,badge_0634.png,19.83,45.28,37.8,27.5,8.0,STEL_EXCEEDED
BDG-0635,badge_0635.png,5.34,20.98,25.7,29.7,8.0,ACTION_REQUIRED
BDG-0636,badge_0636.png,30.1,61.35,41.0,34.1,8.0,STEL_EXCEEDED
BDG-0637,badge_0637.png,11.28,47.52,37.9,67.5,8.0,DANGER_EXCEEDED
BDG-0638,badge_0638.png,0.91,8.47,26.9,26.0,8.0,NORMAL
BDG-0639,badge_0639.png,2.61,22.33,34.3,69.6,8.0,NORMAL
BDG-0640,badge_0640.png,16.48,45.84,27.1,53.1,8.0,STEL_EXCEEDED
BDG-0641,badge_0641.png,34.32,58.83,22.3,45.7,8.0,STEL_EXCEEDED
BDG-0642,badge_0642.png,8.95,29.21,28.0,34.6,8.0,ACTION_REQUIRED
BDG-0643,badge_0643.png,4.34,32.46,40.1,78.4,8.0,NORMAL
BDG-0644,badge_0644.png,5.44,30.24,20.5,84.4,8.0,ACTION_REQUIRED
BDG-0645,badge_0645.png,8.53,31.88,37.5,35.4,8.0,ACTION_REQUIRED
BDG-0646,badge_0646.png,12.49,41.08,41.1,38.3,8.0,DANGER_EXCEEDED
BDG-0647,badge_0647.png,0.76,11.75,37.3,61.6,8.0,NORMAL
BDG-0648,badge_0648.png,2.73,17.16,21.1,51.7,8.0,NORMAL
BDG-0649,badge_0649.png,5.1,23.68,25.5,46.2,8.0,ACTION_REQUIRED
BDG-0650,badge_0650.png,19.52,49.52,27.2,52.0,8.0,STEL_EXCEEDED
BDG-0651,badge_0651.png,8.55,42.37,30.5,83.1,8.0,ACTION_REQUIRED
BDG-0652,badge_0652.png,7.14,28.92,19.2,60.3,8.0,ACTION_REQUIRED
BDG-0653,badge_0653.png,2.16,17.41,25.9,61.3,8.0,NORMAL
BDG-0654,badge_0654.png,27.77,62.05,20.1,70.5,8.0,STEL_EXCEEDED
BDG-0655,badge_0655.png,2.46,19.79,24.4,72.8,8.0,NORMAL
BDG-0656,badge_0656.png,28.71,47.27,25.0,27.6,8.0,STEL_EXCEEDED
BDG-0657,badge_0657.png,29.95,61.76,28.2,51.4,8.0,STEL_EXCEEDED
BDG-0658,badge_0658.png,30.05,69.13,28.9,65.1,8.0,STEL_EXCEEDED
BDG-0659,badge_0659.png,2.18,14.25,27.1,34.5,8.0,NORMAL
BDG-0660,badge_0660.png,0.47,8.33,35.2,50.9,8.0,NORMAL
BDG-0661,badge_0661.png,0.33,8.79,35.3,83.3,8.0,NORMAL
BDG-0662,badge_0662.png,6.0,21.2,24.0,26.9,8.0,ACTION_REQUIRED
BDG-0663,badge_0663.png,2.45,16.07,38.0,28.3,8.0,NORMAL
BDG-0664,badge_0664.png,22.74,55.04,18.7,70.2,8.0,STEL_EXCEEDED
BDG-0665,badge_0665.png,0.54,7.17,23.8,40.1,8.0,NORMAL
BDG-0666,badge_0666.png,5.04,20.19,27.3,26.8,8.0,ACTION_REQUIRED
BDG-0667,badge_0667.png,1.25,14.94,23.7,82.9,8.0,NORMAL
BDG-0668,badge_0668.png,13.77,43.9,40.0,41.6,8.0,DANGER_EXCEEDED
BDG-0669,badge_0669.png,2.93,22.54,41.2,53.2,8.0,NORMAL
BDG-0670,badge_0670.png,8.1,32.71,35.2,44.1,8.0,ACTION_REQUIRED
BDG-0671,badge_0671.png,3.21,20.59,18.7,69.6,8.0,NORMAL
BDG-0672,badge_0672.png,7.06,32.39,36.8,49.2,8.0,ACTION_REQUIRED
BDG-0673,badge_0673.png,1.77,16.85,27.3,68.3,8.0,NORMAL
BDG-0674,badge_0674.png,0.5,6.65,31.9,26.0,8.0,NORMAL
BDG-0675,badge_0675.png,28.51,64.06,30.5,55.9,8.0,STEL_EXCEEDED
BDG-0676,badge_0676.png,2.2,19.25,36.6,57.5,8.0,NORMAL
BDG-0677,badge_0677.png,2.37,17.83,29.2,53.2,8.0,NORMAL
BDG-0678,badge_0678.png,7.11,29.94,33.5,43.5,8.0,ACTION_REQUIRED
BDG-0679,badge_0679.png,4.6,25.83,28.9,58.8,8.0,NORMAL
BDG-0680,badge_0680.png,21.81,43.45,26.5,31.3,8.0,STEL_EXCEEDED
BDG-0681,badge_0681.png,6.19,33.25,38.4,58.9,8.0,ACTION_REQUIRED
BDG-0682,badge_0682.png,25.63,72.98,34.5,75.5,8.0,STEL_EXCEEDED
BDG-0683,badge_0683.png,4.82,22.62,18.3,55.3,8.0,NORMAL
BDG-0684,badge_0684.png,7.72,32.79,24.5,63.1,8.0,ACTION_REQUIRED
BDG-0685,badge_0685.png,35.66,92.51,35.8,84.5,8.0,STEL_EXCEEDED
BDG-0686,badge_0686.png,6.85,29.52,30.1,48.6,8.0,ACTION_REQUIRED
BDG-0687,badge_0687.png,6.28,35.52,36.8,69.4,8.0,ACTION_REQUIRED
BDG-0688,badge_0688.png,0.14,5.45,37.8,71.9,8.0,NORMAL
BDG-0689,badge_0689.png,47.25,91.6,33.0,66.4,8.0,STEL_EXCEEDED
BDG-0690,badge_0690.png,9.26,30.57,31.9,32.9,8.0,ACTION_REQUIRED
BDG-0691,badge_0691.png,5.98,26.14,19.5,58.1,8.0,ACTION_REQUIRED
BDG-0692,badge_0692.png,9.55,29.0,25.1,34.0,8.0,ACTION_REQUIRED
BDG-0693,badge_0693.png,21.93,76.29,41.4,83.3,8.0,STEL_EXCEEDED
BDG-0694,badge_0694.png,8.49,34.63,30.4,54.8,8.0,ACTION_REQUIRED
BDG-0695,badge_0695.png,40.06,86.95,27.4,80.3,8.0,STEL_EXCEEDED
BDG-0696,badge_0696.png,9.34,40.62,24.3,80.9,8.0,ACTION_REQUIRED
BDG-0697,badge_0697.png,13.34,45.56,24.7,70.6,8.0,DANGER_EXCEEDED
BDG-0698,badge_0698.png,2.99,25.88,34.3,81.6,8.0,NORMAL
BDG-0699,badge_0699.png,4.56,21.89,38.8,27.3,8.0,NORMAL
BDG-0700,badge_0700.png,9.32,37.57,22.2,73.1,8.0,ACTION_REQUIRED
BDG-0701,badge_0701.png,4.39,28.11,40.1,57.1,8.0,NORMAL
BDG-0702,badge_0702.png,0.37,8.14,41.1,55.5,8.0,NORMAL
BDG-0703,badge_0703.png,3.95,21.76,20.2,60.1,8.0,NORMAL
BDG-0704,badge_0704.png,4.03,19.28,23.9,38.2,8.0,NORMAL
BDG-0705,badge_0705.png,3.15,16.54,26.0,32.1,8.0,NORMAL
BDG-0706,badge_0706.png,1.15,13.83,20.1,84.3,8.0,NORMAL
BDG-0707,badge_0707.png,9.36,43.48,29.9,81.1,8.0,ACTION_REQUIRED
BDG-0708,badge_0708.png,1.05,10.7,40.4,27.5,8.0,NORMAL
BDG-0709,badge_0709.png,6.52,31.96,37.4,51.7,8.0,ACTION_REQUIRED
BDG-0710,badge_0710.png,21.57,51.21,19.1,63.0,8.0,STEL_EXCEEDED
BDG-0711,badge_0711.png,7.68,26.95,31.1,30.4,8.0,ACTION_REQUIRED
BDG-0712,badge_0712.png,3.36,19.35,30.7,39.9,8.0,NORMAL
BDG-0713,badge_0713.png,41.25,61.55,27.5,33.2,8.0,STEL_EXCEEDED
BDG-0714,badge_0714.png,6.05,39.01,38.9,83.1,8.0,ACTION_REQUIRED
BDG-0715,badge_0715.png,1.04,12.8,21.6,77.2,8.0,NORMAL
BDG-0716,badge_0716.png,7.73,33.95,38.5,47.2,8.0,ACTION_REQUIRED
BDG-0717,badge_0717.png,2.78,16.05,30.6,29.9,8.0,NORMAL
BDG-0718,badge_0718.png,0.67,10.03,34.6,52.8,8.0,NORMAL
BDG-0719,badge_0719.png,1.87,14.52,41.9,27.7,8.0,NORMAL
BDG-0720,badge_0720.png,9.37,35.15,31.2,49.3,8.0,ACTION_REQUIRED
BDG-0721,badge_0721.png,5.98,27.65,36.8,40.2,8.0,ACTION_REQUIRED
BDG-0722,badge_0722.png,16.81,50.87,38.8,48.8,8.0,STEL_EXCEEDED
BDG-0723,badge_0723.png,1.44,11.64,20.9,43.6,8.0,NORMAL
BDG-0724,badge_0724.png,25.68,76.94,34.1,84.2,8.0,STEL_EXCEEDED
BDG-0725,badge_0725.png,39.35,65.71,34.3,34.6,8.0,STEL_EXCEEDED
BDG-0726,badge_0726.png,9.64,32.01,37.1,29.7,8.0,ACTION_REQUIRED
BDG-0727,badge_0727.png,1.65,11.71,19.7,38.2,8.0,NORMAL
BDG-0728,badge_0728.png,4.77,22.93,20.0,54.9,8.0,NORMAL
BDG-0729,badge_0729.png,2.9,16.06,29.4,29.2,8.0,NORMAL
BDG-0730,badge_0730.png,6.83,30.46,41.8,37.8,8.0,ACTION_REQUIRED
BDG-0731,badge_0731.png,36.59,72.13,36.4,47.0,8.0,STEL_EXCEEDED
BDG-0732,badge_0732.png,27.52,63.24,36.5,48.2,8.0,STEL_EXCEEDED
BDG-0733,badge_0733.png,45.13,75.75,36.2,40.6,8.0,STEL_EXCEEDED
BDG-0734,badge_0734.png,9.12,35.97,22.4,68.0,8.0,ACTION_REQUIRED
BDG-0735,badge_0735.png,1.98,15.43,18.2,63.9,8.0,NORMAL
BDG-0736,badge_0736.png,35.72,77.78,39.9,53.4,8.0,STEL_EXCEEDED
BDG-0737,badge_0737.png,1.97,18.34,25.5,76.1,8.0,NORMAL
BDG-0738,badge_0738.png,4.59,22.72,18.3,59.1,8.0,NORMAL
BDG-0739,badge_0739.png,5.95,27.51,27.4,52.5,8.0,ACTION_REQUIRED
BDG-0740,badge_0740.png,8.77,32.3,41.2,31.2,8.0,ACTION_REQUIRED
BDG-0741,badge_0741.png,0.89,11.18,25.5,62.0,8.0,NORMAL
BDG-0742,badge_0742.png,2.55,23.28,30.2,84.6,8.0,NORMAL
BDG-0743,badge_0743.png,3.72,20.28,36.3,32.7,8.0,NORMAL
BDG-0744,badge_0744.png,34.32,71.98,38.4,48.1,8.0,STEL_EXCEEDED
BDG-0745,badge_0745.png,2.35,19.88,41.1,51.4,8.0,NORMAL
BDG-0746,badge_0746.png,7.64,30.72,38.0,36.8,8.0,ACTION_REQUIRED
BDG-0747,badge_0747.png,8.87,45.62,40.5,75.2,8.0,ACTION_REQUIRED
BDG-0748,badge_0748.png,6.63,27.55,23.0,52.5,8.0,ACTION_REQUIRED
BDG-0749,badge_0749.png,3.61,19.37,28.1,39.3,8.0,NORMAL
BDG-0750,badge_0750.png,5.94,25.15,41.0,25.7,8.0,ACTION_REQUIRED
BDG-0751,badge_0751.png,4.54,25.83,41.5,42.7,8.0,NORMAL
BDG-0752,badge_0752.png,40.7,74.25,33.9,47.3,8.0,STEL_EXCEEDED
BDG-0753,badge_0753.png,8.71,26.62,28.4,25.8,8.0,ACTION_REQUIRED
BDG-0754,badge_0754.png,43.13,94.91,39.2,68.6,8.0,STEL_EXCEEDED
BDG-0755,badge_0755.png,28.14,75.3,32.9,75.8,8.0,STEL_EXCEEDED
BDG-0756,badge_0756.png,5.78,24.03,30.8,33.7,8.0,ACTION_REQUIRED
BDG-0757,badge_0757.png,9.19,43.38,36.4,71.4,8.0,ACTION_REQUIRED
BDG-0758,badge_0758.png,10.39,37.78,26.7,58.6,8.0,DANGER_EXCEEDED
BDG-0759,badge_0759.png,4.27,31.94,39.4,78.3,8.0,NORMAL
BDG-0760,badge_0760.png,39.21,83.66,25.8,78.9,8.0,STEL_EXCEEDED
BDG-0761,badge_0761.png,3.65,26.19,33.3,70.0,8.0,NORMAL
BDG-0762,badge_0762.png,13.85,56.91,36.3,81.6,8.0,DANGER_EXCEEDED
BDG-0763,badge_0763.png,2.0,12.29,20.4,32.0,8.0,NORMAL
BDG-0764,badge_0764.png,7.85,31.55,39.8,36.2,8.0,ACTION_REQUIRED
BDG-0765,badge_0765.png,2.02,18.64,22.2,82.8,8.0,NORMAL
BDG-0766,badge_0766.png,28.07,52.06,20.5,45.8,8.0,STEL_EXCEEDED
BDG-0767,badge_0767.png,9.88,29.33,26.1,32.1,8.0,ACTION_REQUIRED
BDG-0768,badge_0768.png,1.29,15.44,24.9,83.3,8.0,NORMAL
BDG-0769,badge_0769.png,0.68,8.81,32.7,38.8,8.0,NORMAL
BDG-0770,badge_0770.png,8.14,35.81,34.8,55.6,8.0,ACTION_REQUIRED
BDG-0771,badge_0771.png,4.25,25.17,29.3,60.0,8.0,NORMAL
BDG-0772,badge_0772.png,45.2,94.47,38.8,65.2,8.0,STEL_EXCEEDED
BDG-0773,badge_0773.png,1.57,15.88,28.0,67.3,8.0,NORMAL
BDG-0774,badge_0774.png,13.3,47.78,37.2,57.9,8.0,DANGER_EXCEEDED
BDG-0775,badge_0775.png,0.78,8.25,29.3,28.3,8.0,NORMAL
BDG-0776,badge_0776.png,27.24,65.44,22.3,75.7,8.0,STEL_EXCEEDED
BDG-0777,badge_0777.png,29.08,70.62,38.7,55.8,8.0,STEL_EXCEEDED
BDG-0778,badge_0778.png,37.41,54.21,24.5,28.7,8.0,STEL_EXCEEDED
BDG-0779,badge_0779.png,9.6,36.53,20.9,69.2,8.0,ACTION_REQUIRED
BDG-0780,badge_0780.png,18.38,69.37,40.8,83.2,8.0,STEL_EXCEEDED
BDG-0781,badge_0781.png,7.05,32.94,19.5,79.5,8.0,ACTION_REQUIRED
BDG-0782,badge_0782.png,21.57,70.06,38.3,76.3,8.0,STEL_EXCEEDED
BDG-0783,badge_0783.png,5.85,26.63,41.3,32.1,8.0,ACTION_REQUIRED
BDG-0784,badge_0784.png,14.86,56.81,34.9,78.2,8.0,DANGER_EXCEEDED
BDG-0785,badge_0785.png,2.92,17.94,41.6,26.8,8.0,NORMAL
BDG-0786,badge_0786.png,2.38,18.65,38.1,46.5,8.0,NORMAL
BDG-0787,badge_0787.png,42.92,74.05,36.1,41.0,8.0,STEL_EXCEEDED
BDG-0788,badge_0788.png,17.79,65.67,38.4,81.0,8.0,STEL_EXCEEDED
BDG-0789,badge_0789.png,3.27,28.4,41.6,77.3,8.0,NORMAL
BDG-0790,badge_0790.png,3.42,30.17,40.6,84.8,8.0,NORMAL
BDG-0791,badge_0791.png,8.17,37.3,25.7,75.5,8.0,ACTION_REQUIRED
BDG-0792,badge_0792.png,33.09,70.16,32.8,54.7,8.0,STEL_EXCEEDED
BDG-0793,badge_0793.png,5.58,22.64,29.8,30.4,8.0,ACTION_REQUIRED
BDG-0794,badge_0794.png,8.1,35.63,28.9,64.1,8.0,ACTION_REQUIRED
BDG-0795,badge_0795.png,2.31,19.43,32.9,60.8,8.0,NORMAL
BDG-0796,badge_0796.png,6.37,33.91,28.6,74.8,8.0,ACTION_REQUIRED
BDG-0797,badge_0797.png,2.39,16.23,29.1,41.4,8.0,NORMAL
BDG-0798,badge_0798.png,1.69,18.14,40.9,61.3,8.0,NORMAL
BDG-0799,badge_0799.png,36.29,62.86,19.4,55.1,8.0,STEL_EXCEEDED
BDG-0800,badge_0800.png,8.46,30.13,26.1,43.9,8.0,ACTION_REQUIRED
BDG-0801,badge_0801.png,26.86,67.7,37.8,56.7,8.0,STEL_EXCEEDED
BDG-0802,badge_0802.png,9.47,32.99,19.5,58.5,8.0,ACTION_REQUIRED
BDG-0803,badge_0803.png,9.74,29.98,21.8,41.2,8.0,ACTION_REQUIRED
BDG-0804,badge_0804.png,0.99,9.09,18.1,40.8,8.0,NORMAL
BDG-0805,badge_0805.png,33.7,62.93,30.4,43.4,8.0,STEL_EXCEEDED
BDG-0806,badge_0806.png,30.32,69.33,37.6,52.2,8.0,STEL_EXCEEDED
BDG-0807,badge_0807.png,15.54,52.66,27.3,76.2,8.0,STEL_EXCEEDED
BDG-0808,badge_0808.png,0.35,6.47,21.2,58.2,8.0,NORMAL
BDG-0809,badge_0809.png,15.11,55.75,36.8,71.1,8.0,STEL_EXCEEDED
BDG-0810,badge_0810.png,4.78,32.67,37.7,75.8,8.0,NORMAL
BDG-0811,badge_0811.png,3.11,17.92,20.7,49.6,8.0,NORMAL
BDG-0812,badge_0812.png,17.39,50.11,28.0,59.9,8.0,STEL_EXCEEDED
BDG-0813,badge_0813.png,34.45,62.84,20.7,56.3,8.0,STEL_EXCEEDED
BDG-0814,badge_0814.png,0.88,9.94,26.3,46.4,8.0,NORMAL
BDG-0815,badge_0815.png,45.62,64.01,29.9,29.1,8.0,STEL_EXCEEDED
BDG-0816,badge_0816.png,4.12,22.98,30.3,48.8,8.0,NORMAL
BDG-0817,badge_0817.png,16.24,57.29,28.7,83.3,8.0,STEL_EXCEEDED
BDG-0818,badge_0818.png,6.53,27.86,18.8,62.0,8.0,ACTION_REQUIRED
BDG-0819,badge_0819.png,9.63,36.15,26.8,57.6,8.0,ACTION_REQUIRED
BDG-0820,badge_0820.png,34.0,64.34,31.3,44.3,8.0,STEL_EXCEEDED
BDG-0821,badge_0821.png,21.77,56.57,25.3,65.5,8.0,STEL_EXCEEDED
BDG-0822,badge_0822.png,42.68,72.96,20.1,63.0,8.0,STEL_EXCEEDED
BDG-0823,badge_0823.png,8.04,41.98,41.8,68.3,8.0,ACTION_REQUIRED
BDG-0824,badge_0824.png,34.5,62.17,23.8,49.9,8.0,STEL_EXCEEDED
BDG-0825,badge_0825.png,9.69,40.59,39.7,53.9,8.0,ACTION_REQUIRED
BDG-0826,badge_0826.png,46.93,63.17,29.8,26.4,8.0,STEL_EXCEEDED
BDG-0827,badge_0827.png,3.17,21.21,24.0,65.2,8.0,NORMAL
BDG-0828,badge_0828.png,4.08,26.62,27.8,73.3,8.0,NORMAL
BDG-0829,badge_0829.png,39.15,84.23,37.6,61.0,8.0,STEL_EXCEEDED
BDG-0830,badge_0830.png,3.51,26.11,34.3,70.8,8.0,NORMAL
BDG-0831,badge_0831.png,0.31,8.77,40.1,80.0,8.0,NORMAL
BDG-0832,badge_0832.png,30.52,47.59,21.4,29.7,8.0,STEL_EXCEEDED
BDG-0833,badge_0833.png,1.53,14.94,18.4,77.6,8.0,NORMAL
BDG-0834,badge_0834.png,7.25,26.3,35.2,26.2,8.0,ACTION_REQUIRED
BDG-0835,badge_0835.png,24.96,64.03,37.0,55.3,8.0,STEL_EXCEEDED
BDG-0836,badge_0836.png,5.73,28.68,32.6,52.7,8.0,ACTION_REQUIRED
BDG-0837,badge_0837.png,11.41,35.33,20.0,54.4,8.0,DANGER_EXCEEDED
BDG-0838,badge_0838.png,2.06,20.09,31.4,76.2,8.0,NORMAL
BDG-0839,badge_0839.png,14.55,45.28,24.8,63.4,8.0,DANGER_EXCEEDED
BDG-0840,badge_0840.png,5.27,28.99,31.4,61.4,8.0,ACTION_REQUIRED
BDG-0841,badge_0841.png,8.3,26.8,21.1,38.5,8.0,ACTION_REQUIRED
BDG-0842,badge_0842.png,9.78,30.56,27.0,36.0,8.0,ACTION_REQUIRED
BDG-0843,badge_0843.png,16.33,59.17,30.8,84.2,8.0,STEL_EXCEEDED
BDG-0844,badge_0844.png,7.98,43.45,37.6,80.4,8.0,ACTION_REQUIRED
BDG-0845,badge_0845.png,22.5,51.38,31.4,42.0,8.0,STEL_EXCEEDED
BDG-0846,badge_0846.png,11.16,44.97,33.8,66.6,8.0,DANGER_EXCEEDED
BDG-0847,badge_0847.png,0.43,7.06,21.7,55.4,8.0,NORMAL
BDG-0848,badge_0848.png,5.1,20.11,24.0,29.8,8.0,ACTION_REQUIRED
BDG-0849,badge_0849.png,16.45,41.16,27.2,40.0,8.0,STEL_EXCEEDED
BDG-0850,badge_0850.png,2.32,20.19,27.9,74.0,8.0,NORMAL
BDG-0851,badge_0851.png,3.18,23.77,25.4,79.3,8.0,NORMAL
BDG-0852,badge_0852.png,9.72,38.38,39.3,47.2,8.0,ACTION_REQUIRED
BDG-0853,badge_0853.png,6.85,35.57,28.6,76.5,8.0,ACTION_REQUIRED
BDG-0854,badge_0854.png,18.45,49.81,23.4,62.5,8.0,STEL_EXCEEDED
BDG-0855,badge_0855.png,4.42,29.1,27.6,81.1,8.0,NORMAL
BDG-0856,badge_0856.png,2.34,19.79,36.1,57.8,8.0,NORMAL
BDG-0857,badge_0857.png,9.0,39.03,27.1,72.6,8.0,ACTION_REQUIRED
BDG-0858,badge_0858.png,4.34,28.64,26.2,82.6,8.0,NORMAL
BDG-0859,badge_0859.png,2.69,16.06,18.4,48.7,8.0,NORMAL
BDG-0860,badge_0860.png,3.62,25.21,31.2,68.4,8.0,NORMAL
BDG-0861,badge_0861.png,0.97,9.62,24.9,38.7,8.0,NORMAL
BDG-0862,badge_0862.png,1.68,14.21,32.8,41.6,8.0,NORMAL
BDG-0863,badge_0863.png,46.3,101.54,41.2,70.3,8.0,STEL_EXCEEDED
BDG-0864,badge_0864.png,4.35,22.26,24.6,49.7,8.0,NORMAL
BDG-0865,badge_0865.png,3.28,16.86,22.1,37.2,8.0,NORMAL
BDG-0866,badge_0866.png,15.33,42.34,25.3,50.3,8.0,STEL_EXCEEDED
BDG-0867,badge_0867.png,3.74,24.8,32.7,61.5,8.0,NORMAL
BDG-0868,badge_0868.png,46.52,74.31,34.7,38.5,8.0,STEL_EXCEEDED
BDG-0869,badge_0869.png,4.75,28.67,21.9,83.9,8.0,NORMAL
BDG-0870,badge_0870.png,45.32,67.44,22.3,45.4,8.0,STEL_EXCEEDED
BDG-0871,badge_0871.png,7.71,31.27,22.7,59.7,8.0,ACTION_REQUIRED
BDG-0872,badge_0872.png,4.79,32.12,38.9,71.3,8.0,NORMAL
BDG-0873,badge_0873.png,41.48,82.19,30.9,63.6,8.0,STEL_EXCEEDED
BDG-0874,badge_0874.png,17.6,49.08,18.9,71.8,8.0,STEL_EXCEEDED
BDG-0875,badge_0875.png,32.57,62.25,19.4,61.0,8.0,STEL_EXCEEDED
BDG-0876,badge_0876.png,9.89,32.56,41.8,25.2,8.0,ACTION_REQUIRED
BDG-0877,badge_0877.png,5.13,30.09,24.1,81.2,8.0,ACTION_REQUIRED
BDG-0878,badge_0878.png,8.11,38.93,31.8,72.0,8.0,ACTION_REQUIRED
BDG-0879,badge_0879.png,0.28,6.9,27.0,73.2,8.0,NORMAL
BDG-0880,badge_0880.png,1.12,15.37,39.7,68.6,8.0,NORMAL
BDG-0881,badge_0881.png,40.42,83.47,28.7,71.2,8.0,STEL_EXCEEDED
BDG-0882,badge_0882.png,0.95,13.24,28.0,77.5,8.0,NORMAL
BDG-0883,badge_0883.png,1.21,10.38,28.5,30.3,8.0,NORMAL
BDG-0884,badge_0884.png,0.36,8.14,25.8,81.2,8.0,NORMAL
BDG-0885,badge_0885.png,3.3,24.42,23.4,84.4,8.0,NORMAL
BDG-0886,badge_0886.png,6.39,28.17,18.7,65.2,8.0,ACTION_REQUIRED
BDG-0887,badge_0887.png,20.4,42.64,27.1,32.1,8.0,STEL_EXCEEDED
BDG-0888,badge_0888.png,2.29,14.08,23.0,35.9,8.0,NORMAL
BDG-0889,badge_0889.png,8.63,25.98,21.4,32.5,8.0,ACTION_REQUIRED
BDG-0890,badge_0890.png,8.81,35.13,36.4,46.1,8.0,ACTION_REQUIRED
BDG-0891,badge_0891.png,45.88,105.04,35.6,85.0,8.0,STEL_EXCEEDED
BDG-0892,badge_0892.png,2.31,17.43,40.4,37.6,8.0,NORMAL
BDG-0893,badge_0893.png,0.55,9.03,21.0,73.8,8.0,NORMAL
BDG-0894,badge_0894.png,25.63,57.12,39.3,37.0,8.0,STEL_EXCEEDED
BDG-0895,badge_0895.png,45.94,66.01,27.4,35.1,8.0,STEL_EXCEEDED
BDG-0896,badge_0896.png,0.75,11.08,38.1,53.6,8.0,NORMAL
BDG-0897,badge_0897.png,6.59,32.14,28.1,65.4,8.0,ACTION_REQUIRED
BDG-0898,badge_0898.png,2.56,15.45,33.6,26.8,8.0,NORMAL
BDG-0899,badge_0899.png,30.54,56.6,34.7,31.7,8.0,STEL_EXCEEDED
BDG-0900,badge_0900.png,0.89,12.25,41.6,50.9,8.0,NORMAL
BDG-0901,badge_0901.png,1.8,12.61,26.5,32.4,8.0,NORMAL
BDG-0902,badge_0902.png,3.39,18.79,28.9,38.4,8.0,NORMAL
BDG-0903,badge_0903.png,3.88,19.96,24.0,44.3,8.0,NORMAL
BDG-0904,badge_0904.png,3.79,16.36,21.3,27.3,8.0,NORMAL
BDG-0905,badge_0905.png,22.95,62.35,26.5,73.7,8.0,STEL_EXCEEDED
BDG-0906,badge_0906.png,20.8,41.42,22.5,33.9,8.0,STEL_EXCEEDED
BDG-0907,badge_0907.png,0.53,11.05,40.5,73.8,8.0,NORMAL
BDG-0908,badge_0908.png,37.3,95.99,40.0,79.9,8.0,STEL_EXCEEDED
BDG-0909,badge_0909.png,9.46,47.73,37.4,82.1,8.0,ACTION_REQUIRED
BDG-0910,badge_0910.png,9.46,42.84,37.6,65.7,8.0,ACTION_REQUIRED
BDG-0911,badge_0911.png,3.06,16.46,26.9,32.0,8.0,NORMAL
BDG-0912,badge_0912.png,1.29,15.85,38.3,65.0,8.0,NORMAL
BDG-0913,badge_0913.png,7.48,22.74,20.5,27.2,8.0,ACTION_REQUIRED
BDG-0914,badge_0914.png,6.27,31.01,25.3,68.5,8.0,ACTION_REQUIRED
BDG-0915,badge_0915.png,11.38,36.91,34.2,39.6,8.0,DANGER_EXCEEDED
BDG-0916,badge_0916.png,6.96,35.08,29.4,71.9,8.0,ACTION_REQUIRED
BDG-0917,badge_0917.png,0.63,7.41,29.2,28.4,8.0,NORMAL
BDG-0918,badge_0918.png,8.62,26.4,24.6,30.1,8.0,ACTION_REQUIRED
BDG-0919,badge_0919.png,5.08,24.86,26.9,50.4,8.0,ACTION_REQUIRED
BDG-0920,badge_0920.png,3.36,18.59,29.2,37.3,8.0,NORMAL
BDG-0921,badge_0921.png,9.88,34.55,36.1,37.8,8.0,ACTION_REQUIRED
BDG-0922,badge_0922.png,4.66,23.86,18.5,64.4,8.0,NORMAL
BDG-0923,badge_0923.png,6.17,32.04,22.1,80.4,8.0,ACTION_REQUIRED
BDG-0924,badge_0924.png,20.63,45.58,19.1,50.6,8.0,STEL_EXCEEDED
BDG-0925,badge_0925.png,11.2,37.08,21.1,60.2,8.0,DANGER_EXCEEDED
BDG-0926,badge_0926.png,3.63,24.91,31.4,66.2,8.0,NORMAL
BDG-0927,badge_0927.png,23.2,49.76,34.2,33.2,8.0,STEL_EXCEEDED
BDG-0928,badge_0928.png,41.27,96.63,42.0,70.3,8.0,STEL_EXCEEDED
BDG-0929,badge_0929.png,1.93,15.83,27.8,53.2,8.0,NORMAL
BDG-0930,badge_0930.png,1.3,15.93,29.6,79.0,8.0,NORMAL
BDG-0931,badge_0931.png,6.81,36.67,34.5,71.7,8.0,ACTION_REQUIRED
BDG-0932,badge_0932.png,6.67,33.0,32.0,62.1,8.0,ACTION_REQUIRED
BDG-0933,badge_0933.png,9.7,44.38,28.9,83.3,8.0,ACTION_REQUIRED
BDG-0934,badge_0934.png,16.69,54.45,39.6,56.9,8.0,STEL_EXCEEDED
BDG-0935,badge_0935.png,19.37,47.76,39.4,32.6,8.0,STEL_EXCEEDED
BDG-0936,badge_0936.png,1.96,18.41,23.2,81.3,8.0,NORMAL
BDG-0937,badge_0937.png,3.9,19.97,27.2,39.6,8.0,NORMAL
BDG-0938,badge_0938.png,13.45,42.0,41.3,36.4,8.0,DANGER_EXCEEDED
BDG-0939,badge_0939.png,37.82,78.91,25.3,73.7,8.0,STEL_EXCEEDED
BDG-0940,badge_0940.png,7.93,33.27,27.0,59.2,8.0,ACTION_REQUIRED
BDG-0941,badge_0941.png,11.76,47.18,35.7,66.8,8.0,DANGER_EXCEEDED
BDG-0942,badge_0942.png,29.55,64.22,41.4,39.8,8.0,STEL_EXCEEDED
BDG-0943,badge_0943.png,6.51,28.07,18.1,64.5,8.0,ACTION_REQUIRED
BDG-0944,badge_0944.png,26.61,53.82,31.7,37.3,8.0,STEL_EXCEEDED
BDG-0945,badge_0945.png,2.02,15.3,41.6,29.4,8.0,NORMAL
BDG-0946,badge_0946.png,9.5,45.02,34.0,78.3,8.0,ACTION_REQUIRED
BDG-0947,badge_0947.png,1.07,11.15,21.9,55.2,8.0,NORMAL
BDG-0948,badge_0948.png,0.82,9.28,24.4,45.1,8.0,NORMAL
BDG-0949,badge_0949.png,2.12,15.52,36.9,33.5,8.0,NORMAL
BDG-0950,badge_0950.png,3.36,22.77,24.2,70.9,8.0,NORMAL
BDG-0951,badge_0951.png,1.48,12.45,19.2,52.9,8.0,NORMAL
BDG-0952,badge_0952.png,47.5,91.17,29.0,71.8,8.0,STEL_EXCEEDED
BDG-0953,badge_0953.png,4.17,27.11,27.4,75.1,8.0,NORMAL
BDG-0954,badge_0954.png,4.03,23.19,41.9,36.7,8.0,NORMAL
BDG-0955,badge_0955.png,21.8,54.96,22.0,67.0,8.0,STEL_EXCEEDED
BDG-0956,badge_0956.png,9.16,34.39,22.1,61.9,8.0,ACTION_REQUIRED
BDG-0957,badge_0957.png,1.4,17.52,36.1,77.0,8.0,NORMAL
BDG-0958,badge_0958.png,35.29,69.13,39.4,40.4,8.0,STEL_EXCEEDED
BDG-0959,badge_0959.png,6.59,33.47,32.0,64.9,8.0,ACTION_REQUIRED
BDG-0960,badge_0960.png,41.42,89.72,27.5,82.4,8.0,STEL_EXCEEDED
BDG-0961,badge_0961.png,4.29,20.7,33.9,30.0,8.0,NORMAL
BDG-0962,badge_0962.png,0.14,4.84,32.0,63.8,8.0,NORMAL
BDG-0963,badge_0963.png,0.85,10.55,20.3,66.0,8.0,NORMAL
BDG-0964,badge_0964.png,3.59,19.16,27.8,38.8,8.0,NORMAL
BDG-0965,badge_0965.png,6.95,28.06,27.0,45.9,8.0,ACTION_REQUIRED
BDG-0966,badge_0966.png,1.73,12.48,26.6,33.3,8.0,NORMAL
BDG-0967,badge_0967.png,8.17,40.22,41.8,61.2,8.0,ACTION_REQUIRED
BDG-0968,badge_0968.png,6.0,25.02,34.9,31.2,8.0,ACTION_REQUIRED
BDG-0969,badge_0969.png,5.86,25.45,35.3,33.8,8.0,ACTION_REQUIRED
BDG-0970,badge_0970.png,1.6,19.84,40.4,79.0,8.0,NORMAL
BDG-0971,badge_0971.png,41.66,84.62,27.0,73.9,8.0,STEL_EXCEEDED
BDG-0972,badge_0972.png,46.92,97.64,33.4,75.6,8.0,STEL_EXCEEDED
BDG-0973,badge_0973.png,11.69,44.93,26.8,74.6,8.0,DANGER_EXCEEDED
BDG-0974,badge_0974.png,4.06,23.48,38.6,41.5,8.0,NORMAL
BDG-0975,badge_0975.png,8.16,28.42,36.0,27.2,8.0,ACTION_REQUIRED
BDG-0976,badge_0976.png,32.14,78.39,28.8,78.8,8.0,STEL_EXCEEDED
BDG-0977,badge_0977.png,9.77,41.98,40.8,56.3,8.0,ACTION_REQUIRED
BDG-0978,badge_0978.png,4.31,24.11,36.9,43.2,8.0,NORMAL
BDG-0979,badge_0979.png,6.39,33.81,27.5,76.0,8.0,ACTION_REQUIRED
BDG-0980,badge_0980.png,22.29,59.77,29.0,65.5,8.0,STEL_EXCEEDED
BDG-0981,badge_0981.png,9.49,29.67,31.0,29.5,8.0,ACTION_REQUIRED
BDG-0982,badge_0982.png,7.22,36.0,41.4,55.2,8.0,ACTION_REQUIRED
BDG-0983,badge_0983.png,4.01,25.38,38.6,51.7,8.0,NORMAL
BDG-0984,badge_0984.png,16.56,38.71,25.1,35.5,8.0,STEL_EXCEEDED
BDG-0985,badge_0985.png,0.24,5.61,28.4,52.9,8.0,NORMAL
BDG-0986,badge_0986.png,6.5,29.74,29.1,54.3,8.0,ACTION_REQUIRED
BDG-0987,badge_0987.png,6.74,36.65,33.0,74.8,8.0,ACTION_REQUIRED
BDG-0988,badge_0988.png,1.85,16.67,21.1,74.5,8.0,NORMAL
BDG-0989,badge_0989.png,34.81,61.74,33.2,35.8,8.0,STEL_EXCEEDED
BDG-0990,badge_0990.png,6.88,29.67,34.8,42.7,8.0,ACTION_REQUIRED
BDG-0991,badge_0991.png,1.49,16.89,35.7,67.6,8.0,NORMAL
BDG-0992,badge_0992.png,45.64,102.01,41.9,71.0,8.0,STEL_EXCEEDED
BDG-0993,badge_0993.png,1.24,12.05,31.3,42.0,8.0,NORMAL
BDG-0994,badge_0994.png,17.08,60.54,31.3,83.4,8.0,STEL_EXCEEDED
BDG-0995,badge_0995.png,2.2,21.16,41.2,63.9,8.0,NORMAL
BDG-0996,badge_0996.png,0.22,4.52,28.3,32.9,8.0,NORMAL
BDG-0997,badge_0997.png,4.64,22.82,18.8,58.1,8.0,NORMAL
BDG-0998,badge_0998.png,3.51,18.27,30.4,31.5,8.0,NORMAL
BDG-0999,badge_0999.png,4.63,25.67,22.7,67.7,8.0,NORMAL
BDG-1000,badge_1000.png,1.29,12.35,40.4,31.7,8.0,NORMAL
